SET check_function_bodies = false;
INSERT INTO public.admin (id, username, password) VALUES ('400347db-faaa-48e3-91d7-c705f8c1317b', 'test', '61cc41e449119aec40c715ed35e1b63bf6f5df0f8dc787cab1851fb0e5ebe90edc5ac2e1f0353f48bbea000b17a3072ef5d83d634780a7686e6d828d9353e533');
INSERT INTO public.categories (id, title, slug, emoji) VALUES ('165b1d86-3d08-423c-aaee-3fcdf3691353', 'Напої', 'drinks', '🥤');
INSERT INTO public.categories (id, title, slug, emoji) VALUES ('f4b1f793-524c-408e-8c1b-a9c7c6029822', 'Піца', 'pizza', '🍕');
INSERT INTO public.customers (id, name, phone, address, "twilioVerificationSid") VALUES ('450dba7f-63dd-4484-a865-d59414246b81', 'Mr. Brett Bradtke', '+380864345667', '619 Chaz Plain Apt. 793', NULL);
INSERT INTO public.customers (id, name, phone, address, "twilioVerificationSid") VALUES ('adf4ef97-b00a-4a56-885c-ca8fd80d460f', 'Nancy Tromp', '+380409406610', '86299 Boyle Prairie Suite 007', NULL);
INSERT INTO public.customers (id, name, phone, address, "twilioVerificationSid") VALUES ('b5b84e37-d11e-420f-a3a7-2e9653ae4470', 'Blabla', '+380671111111', 'qweqwe', NULL);
INSERT INTO public.customers (id, name, phone, address, "twilioVerificationSid") VALUES ('3c9bd87c-dc17-40eb-9613-a5c6baf6d1bb', 'Janie Williamson', '+380590457519', '4180 Owen Crossing Suite 159', NULL);
INSERT INTO public.customers (id, name, phone, address, "twilioVerificationSid") VALUES ('c3946df0-4947-4fdf-8c53-655f45c0a0da', 'Nathan Kuhic II', '+380393253058', '556 Bins Corner Apt. 185', NULL);
INSERT INTO public.customers (id, name, phone, address, "twilioVerificationSid") VALUES ('63879851-782f-4b2d-a8f0-870abc24104a', 'Beverly Hudson IV', '+380708399901', '3716 Thora Land Apt. 563', NULL);
INSERT INTO public.customers (id, name, phone, address, "twilioVerificationSid") VALUES ('a1100bfe-e866-4904-8e06-6d6dd2fb3d2a', 'Clayton Kessler', '+380761233915', '9447 Hintz Springs Suite 789', NULL);
INSERT INTO public.customers (id, name, phone, address, "twilioVerificationSid") VALUES ('013f834b-f3ae-4223-a603-c7de210ff782', 'Geoffrey Labadie', '+380008413155', '124 Jamie Highway Apt. 580', NULL);
INSERT INTO public.customers (id, name, phone, address, "twilioVerificationSid") VALUES ('cbfb2808-efbd-4a25-972d-5a5bdf3f61a1', 'Danielle Haley', '+380421480920', '826 Harris Rue Suite 831', NULL);
INSERT INTO public.customers (id, name, phone, address, "twilioVerificationSid") VALUES ('0a86460b-3267-4856-9286-a735acd990d2', 'Ms. Tina Christiansen', '+380797280114', '2104 Juston Station Suite 784', NULL);
INSERT INTO public.customers (id, name, phone, address, "twilioVerificationSid") VALUES ('9e126f74-319e-42a1-a204-367d834676fd', 'Becky Pfeffer', '+380856373341', '36435 Welch Parkway Apt. 425', NULL);
INSERT INTO public.customers (id, name, phone, address, "twilioVerificationSid") VALUES ('b1627819-6a4d-401a-96b5-843872c379fe', 'Vicky Howe', '+380997297222', '38313 Cassin Summit Apt. 919', NULL);
INSERT INTO public.customers (id, name, phone, address, "twilioVerificationSid") VALUES ('1f9356ed-c4ae-45c5-a927-6c63bf43fbf0', 'Dan King', '+380422500761', '36401 Fred Turnpike Apt. 770', NULL);
INSERT INTO public.customers (id, name, phone, address, "twilioVerificationSid") VALUES ('cb085c13-c9bd-41ce-a54d-1c4853e68b94', 'Heidi Upton', '+380097507063', '452 Walker Port Suite 073', NULL);
INSERT INTO public.customers (id, name, phone, address, "twilioVerificationSid") VALUES ('8f2b96b8-218d-4893-b5dd-8d76092f0582', 'Annie Beer', '+380397929717', '32887 Laurence Expressway Apt. 456', NULL);
INSERT INTO public.customers (id, name, phone, address, "twilioVerificationSid") VALUES ('89c7d941-f9aa-4f5a-af0e-8022f1e7d4d9', 'Vera Mills', '+380995900433', '8521 Adah Via Suite 610', NULL);
INSERT INTO public.customers (id, name, phone, address, "twilioVerificationSid") VALUES ('9acf96ea-25d7-4ac0-8863-a653a19f714c', 'Virginia Dare', '+380094762126', '11831 Emmanuelle Pine Apt. 862', NULL);
INSERT INTO public.customers (id, name, phone, address, "twilioVerificationSid") VALUES ('87404018-5f21-4ddb-b32f-7e358d60f52b', 'Misty Shields', '+380620189978', '6422 Otha Turnpike Suite 384', NULL);
INSERT INTO public.customers (id, name, phone, address, "twilioVerificationSid") VALUES ('ff1159bd-678a-41a3-a603-cfd070507b8c', 'Dr. Douglas Block', '+380682753047', '320 Jailyn Parkways Suite 238', NULL);
INSERT INTO public.customers (id, name, phone, address, "twilioVerificationSid") VALUES ('f801097c-081b-440f-b423-624e6068b3ac', 'Ben Stoltenberg', '+380136699953', '29681 Tanya Trail Suite 461', NULL);
INSERT INTO public.customers (id, name, phone, address, "twilioVerificationSid") VALUES ('94e98b4b-0745-48dd-ad2d-564e5bd85f83', 'Kellie Cole', '+380101867242', '93187 Dawn Dale Apt. 821', NULL);
INSERT INTO public.customers (id, name, phone, address, "twilioVerificationSid") VALUES ('2e8dc8b3-cbe1-4cc4-8d97-864231faee8e', 'Irma O''Keefe', '+380092334951', '1548 Jones Course Suite 440', NULL);
INSERT INTO public.customers (id, name, phone, address, "twilioVerificationSid") VALUES ('3795ee5f-9f56-4fcc-b111-3e907781fe24', 'Spencer Smitham', '+380087728024', '437 Kemmer Manors Apt. 106', NULL);
INSERT INTO public.customers (id, name, phone, address, "twilioVerificationSid") VALUES ('7865ba8f-0c86-4464-b36f-8989fb145b99', 'Olive Smitham', '+380949521972', '606 Allie Course Apt. 734', NULL);
INSERT INTO public.customers (id, name, phone, address, "twilioVerificationSid") VALUES ('534c3205-c1b1-410d-8bc8-e65b31a3197c', 'Tara Ziemann', '+380092045942', '745 Mitchell Motorway Apt. 349', NULL);
INSERT INTO public.customers (id, name, phone, address, "twilioVerificationSid") VALUES ('79e78915-2437-4524-8d7e-8eb916f5ccb1', 'Inez Kautzer', '+380467624575', '218 Brian Unions Apt. 863', NULL);
INSERT INTO public.customers (id, name, phone, address, "twilioVerificationSid") VALUES ('60881c64-a709-4219-93bc-1fb6854a0f32', 'Santiago Miller', '+380103747229', '963 Rod Ferry Apt. 909', NULL);
INSERT INTO public.customers (id, name, phone, address, "twilioVerificationSid") VALUES ('e32a1193-2289-4d5c-818d-458e1e3b7d8f', 'Edmund Weimann', '+380449162608', '3274 Davis Road Apt. 306', NULL);
INSERT INTO public.customers (id, name, phone, address, "twilioVerificationSid") VALUES ('a66afd4a-cc1f-4c24-b663-a3d31e786201', 'Ignacio Hoppe', '+380337828092', '783 Turner Views Apt. 923', NULL);
INSERT INTO public.customers (id, name, phone, address, "twilioVerificationSid") VALUES ('ac4cf2ee-68e3-48e6-b75d-4a5d23304d15', 'Ernesto Harris', '+380650581967', '2278 Jaquelin Locks Apt. 470', NULL);
INSERT INTO public.customers (id, name, phone, address, "twilioVerificationSid") VALUES ('cddb817f-37fc-4fba-b20e-18c6426c6a48', 'Ignacio Hoppe', '+380850153226', '720 Sean Field Apt. 119', NULL);
INSERT INTO public.customers (id, name, phone, address, "twilioVerificationSid") VALUES ('44639d72-54f9-4571-9f08-78a0bcb8be48', 'Marcella Dach', '+380285571107', '54136 Kaylie Trail Suite 230', NULL);
INSERT INTO public.customers (id, name, phone, address, "twilioVerificationSid") VALUES ('a6bf8af8-e623-49cc-b44e-dac257a4a5e7', 'Alex Haag III', '+380107220659', '7980 Schroeder Fork Suite 747', NULL);
INSERT INTO public.customers (id, name, phone, address, "twilioVerificationSid") VALUES ('cd1c3a6f-faee-472d-8e06-4ba96db05c20', 'Timmy Sauer', '+380342934086', '70268 Koch Shoal Suite 285', NULL);
INSERT INTO public.customers (id, name, phone, address, "twilioVerificationSid") VALUES ('97d74ab4-1a2b-4f7a-9fae-58a0774ed1ef', 'Cesar Hodkiewicz', '+380122059696', '9889 Reichert Passage Suite 904', NULL);
INSERT INTO public.customers (id, name, phone, address, "twilioVerificationSid") VALUES ('ce775bef-a89b-4dd6-bd46-b74a936a0845', 'Sherri Ruecker', '+380671290339', '66979 Bruen Drive Apt. 104', NULL);
INSERT INTO public.customers (id, name, phone, address, "twilioVerificationSid") VALUES ('751066de-4dae-4661-85d1-2903859ca8de', 'Angelo Veum', '+380459189562', '106 Prosacco Corner Apt. 414', NULL);
INSERT INTO public.customers (id, name, phone, address, "twilioVerificationSid") VALUES ('0fbf1e4f-c87d-47ed-b289-7b7df9583718', 'Gregory Dach', '+380478928523', '67720 Altenwerth Junctions Suite 951', NULL);
INSERT INTO public.customers (id, name, phone, address, "twilioVerificationSid") VALUES ('75c7bbd2-ebf8-42b6-9705-9fd7ba958729', 'Toby Parker', '+380730133510', '854 Susanna Dale Apt. 740', NULL);
INSERT INTO public.customers (id, name, phone, address, "twilioVerificationSid") VALUES ('e55fdd5f-ef5f-4ea7-89c7-cf807707f65f', 'Miss Diana Grimes', '+380799420585', '8903 Erdman Greens Suite 098', NULL);
INSERT INTO public.customers (id, name, phone, address, "twilioVerificationSid") VALUES ('ce763476-e31c-44d0-98bb-c4948b04cfce', 'Johanna Mills', '+380232782872', '4336 Erdman Dam Apt. 919', NULL);
INSERT INTO public.customers (id, name, phone, address, "twilioVerificationSid") VALUES ('fffbce52-0691-4ba7-89f6-088adfba0043', 'James Olson', '+380558413059', '39139 Weissnat Station Apt. 926', NULL);
INSERT INTO public.customers (id, name, phone, address, "twilioVerificationSid") VALUES ('a6b14297-d86a-4982-aca3-af942d136772', 'Omar Bahringer', '+380713064113', '957 Weber Station Apt. 015', NULL);
INSERT INTO public.customers (id, name, phone, address, "twilioVerificationSid") VALUES ('0a2f910f-fc2d-470d-a47a-d4a2b03a2422', 'Annette West', '+380514138963', '0015 Mayer Plains Apt. 828', NULL);
INSERT INTO public.customers (id, name, phone, address, "twilioVerificationSid") VALUES ('a6026f11-0dc9-42e0-89d2-80277601221c', 'Mr. Virginia Rath MD', '+380028631782', '529 Lacy Avenue Apt. 875', NULL);
INSERT INTO public.customers (id, name, phone, address, "twilioVerificationSid") VALUES ('8db7d28f-69e2-4b7a-ad1a-f73f52988af8', 'Van Abbott MD', '+380589943579', '8503 Erika Lock Apt. 740', NULL);
INSERT INTO public.customers (id, name, phone, address, "twilioVerificationSid") VALUES ('f1325f4c-9b43-43b0-a585-f03ca2effd47', 'Elvira Wyman V', '+380861242687', '90965 Conn Vista Apt. 481', NULL);
INSERT INTO public.customers (id, name, phone, address, "twilioVerificationSid") VALUES ('a656df23-87f9-4bb0-9725-b27fb3803fe2', 'Hector Hackett', '+380486457696', '46856 Thiel Way Suite 633', NULL);
INSERT INTO public.customers (id, name, phone, address, "twilioVerificationSid") VALUES ('a444776e-6cfb-4979-b931-e593786a273a', 'Richard Wunsch', '+380857245463', '271 Arturo Ports Suite 830', NULL);
INSERT INTO public.customers (id, name, phone, address, "twilioVerificationSid") VALUES ('38e031e9-4c5a-46f7-b295-72551838a9a9', 'Vera Kub', '+380875776232', '9860 Hassan Landing Suite 961', NULL);
INSERT INTO public.customers (id, name, phone, address, "twilioVerificationSid") VALUES ('466be1d8-d76c-4e23-baa1-73f51d755a1f', 'Reginald Kuhic', '+380168390842', '81175 Cummings Neck Suite 560', NULL);
INSERT INTO public.customers (id, name, phone, address, "twilioVerificationSid") VALUES ('0a03329b-1c6f-48b4-a718-53c1f089105e', 'Megan Graham', '+380857676608', '2098 Harris Heights Apt. 400', NULL);
INSERT INTO public.customers (id, name, phone, address, "twilioVerificationSid") VALUES ('d735305a-3022-4f57-8b78-8fbdbc89df3f', 'Rosemarie Ziemann', '+380845574975', '39938 Moore Squares Apt. 251', NULL);
INSERT INTO public.customers (id, name, phone, address, "twilioVerificationSid") VALUES ('c4a55c7c-4089-429e-b5b3-3cd2e6a2ae3f', 'Isaac McLaughlin', '+380050618095', '7835 Rebeka Crescent Apt. 668', NULL);
INSERT INTO public.customers (id, name, phone, address, "twilioVerificationSid") VALUES ('487d9a6d-b69e-439e-81d6-55cbfe1dddee', 'Diane Kertzmann', '+380965911368', '81840 Giuseppe View Suite 588', NULL);
INSERT INTO public.customers (id, name, phone, address, "twilioVerificationSid") VALUES ('6d522f90-1c68-4015-94b2-6b015ae67ec0', 'Mrs. Jose Mohr', '+380239820495', '9732 Goyette Row Apt. 502', NULL);
INSERT INTO public.customers (id, name, phone, address, "twilioVerificationSid") VALUES ('5ad2497e-b72c-4807-884b-2d27115ccc8d', 'Ruby Ruecker MD', '+380590928443', '50770 Faye Overpass Apt. 996', NULL);
INSERT INTO public.customers (id, name, phone, address, "twilioVerificationSid") VALUES ('4980ae89-4f4c-47d6-8a20-b8d3603b1888', 'Miss Laura MacGyver', '+380227416235', '270 Ewald Cliffs Apt. 363', NULL);
INSERT INTO public.customers (id, name, phone, address, "twilioVerificationSid") VALUES ('601d8521-190d-4ca5-9d07-54d7e63550c8', 'Mr. Camille Goyette', '+380261674175', '9361 Bradtke Circles Apt. 792', NULL);
INSERT INTO public.customers (id, name, phone, address, "twilioVerificationSid") VALUES ('28dc93c3-e135-421a-9f38-6e7c4d407805', 'Mrs. Lewis Jaskolski', '+380104232936', '0474 Yost Plaza Suite 477', NULL);
INSERT INTO public.customers (id, name, phone, address, "twilioVerificationSid") VALUES ('9f47c7f9-1f71-4eb3-8d92-d8144781f3a7', 'Rogelio Sanford Jr.', '+380042749376', '374 Ally Islands Apt. 566', NULL);
INSERT INTO public.customers (id, name, phone, address, "twilioVerificationSid") VALUES ('02c40ada-bede-4c03-b95d-73265e90eca9', 'Henry Harris', '+380099543267', '19979 Ezequiel Forks Apt. 445', NULL);
INSERT INTO public.customers (id, name, phone, address, "twilioVerificationSid") VALUES ('d6d5b15d-4aeb-4533-ab5c-03eeb0f06eef', 'Agnes Mayer', '+380209799331', '0902 Evan Gardens Suite 021', NULL);
INSERT INTO public.customers (id, name, phone, address, "twilioVerificationSid") VALUES ('4b1148ab-2322-47c6-88a0-14dddabc4662', 'Marcia Nader', '+380130921644', '3374 Destin Shore Suite 022', NULL);
INSERT INTO public.customers (id, name, phone, address, "twilioVerificationSid") VALUES ('f00b3a16-dc28-4ccc-aa0f-8199bb642247', 'Sherman Davis', '+380944388042', '254 Bette Lake Suite 073', NULL);
INSERT INTO public.customers (id, name, phone, address, "twilioVerificationSid") VALUES ('15c8b544-fb5b-4841-992d-d225587503f0', 'Ms. Terrence Wiegand', '+380729919715', '526 Vicenta Bypass Suite 716', NULL);
INSERT INTO public.customers (id, name, phone, address, "twilioVerificationSid") VALUES ('4fb1a652-c9fb-47b1-a591-a5951ecec1f0', 'Roberta Hagenes', '+380934540892', '3951 Tanya Loaf Apt. 442', NULL);
INSERT INTO public.customers (id, name, phone, address, "twilioVerificationSid") VALUES ('8db61cf0-cf55-4857-aef6-9cd2a88e63cf', 'Mrs. Ella Boyer', '+380296694352', '82230 Thompson Track Apt. 217', NULL);
INSERT INTO public.customers (id, name, phone, address, "twilioVerificationSid") VALUES ('784ce3ae-536d-4513-a1a9-b59df0fa0543', 'Joel Simonis', '+380270821899', '0096 Jada Mission Apt. 268', NULL);
INSERT INTO public.customers (id, name, phone, address, "twilioVerificationSid") VALUES ('de84f598-862c-4f29-b5c7-0f0c7cd9695a', 'Della Carter', '+380590147898', '698 Brown Square Suite 480', NULL);
INSERT INTO public.customers (id, name, phone, address, "twilioVerificationSid") VALUES ('72b0daa4-29f4-488b-942f-edf77338644d', 'Darrell Waelchi', '+380339737954', '227 Pfeffer Crest Apt. 609', NULL);
INSERT INTO public.customers (id, name, phone, address, "twilioVerificationSid") VALUES ('2ca965a0-0348-40ca-929f-9d70a9c959a3', 'Steven Gutmann DDS', '+380390028491', '27652 Balistreri Coves Apt. 350', NULL);
INSERT INTO public.customers (id, name, phone, address, "twilioVerificationSid") VALUES ('1e36bc64-fb80-4392-be3f-87b7480917fc', 'Susie Rodriguez', '+380825066457', '0536 Kutch Run Suite 993', NULL);
INSERT INTO public.customers (id, name, phone, address, "twilioVerificationSid") VALUES ('8dc4c683-3d25-48ac-8571-435a3ad73424', 'Virgil Jakubowski', '+380306456002', '9500 Hettinger Avenue Suite 206', NULL);
INSERT INTO public.customers (id, name, phone, address, "twilioVerificationSid") VALUES ('88263d18-ee4e-46ee-95a8-933a09c9d940', 'Bobby Reichert', '+380162728830', '275 Boyle Manor Apt. 119', NULL);
INSERT INTO public.customers (id, name, phone, address, "twilioVerificationSid") VALUES ('babe527f-b767-4ff0-b737-eecb25a29f97', 'Morris Glover', '+380045557258', '215 Fay Rapids Apt. 800', NULL);
INSERT INTO public.customers (id, name, phone, address, "twilioVerificationSid") VALUES ('ec8b11ad-9b6b-4e08-8ac5-5ed70e6cb9e4', 'Nelson Kiehn', '+380599498058', '3530 Bryana Point Suite 842', NULL);
INSERT INTO public.customers (id, name, phone, address, "twilioVerificationSid") VALUES ('6c165b44-76c5-407c-bdfc-2d492669ee74', 'Kristen Smitham', '+380477697117', '203 Janelle Extension Suite 242', NULL);
INSERT INTO public.customers (id, name, phone, address, "twilioVerificationSid") VALUES ('a443789c-361b-4703-9d8e-b87d51714764', 'Kerry Hilpert', '+380953392237', '820 Lola Cove Apt. 688', NULL);
INSERT INTO public.customers (id, name, phone, address, "twilioVerificationSid") VALUES ('7b098c4e-736a-4162-96f2-234428aae4b2', 'Noah Murazik II', '+380209493006', '803 Marcus Fords Suite 901', NULL);
INSERT INTO public.customers (id, name, phone, address, "twilioVerificationSid") VALUES ('227457bf-eab0-41f6-a140-b916008ea9ab', 'Ms. Billie Bechtelar', '+380461531877', '5458 Douglas Harbors Apt. 610', NULL);
INSERT INTO public.customers (id, name, phone, address, "twilioVerificationSid") VALUES ('e3679623-fc49-4a40-83b2-4f93bec64047', 'Carroll Kiehn', '+380937287926', '2603 Tremaine Meadow Suite 849', NULL);
INSERT INTO public.customers (id, name, phone, address, "twilioVerificationSid") VALUES ('6c5fbb69-4c0e-4218-ad4e-92b33be8dafb', 'Stanley Rice', '+380269576933', '8404 Wehner Mill Suite 926', NULL);
INSERT INTO public.customers (id, name, phone, address, "twilioVerificationSid") VALUES ('f239b5a6-2e43-48e4-8986-500192ef9d73', 'Alfonso Mills', '+380777783116', '861 O''Conner Dale Suite 722', NULL);
INSERT INTO public.customers (id, name, phone, address, "twilioVerificationSid") VALUES ('86845d34-7766-4111-96db-d6bbede27b88', 'Mack Heaney', '+380390811291', '69675 Bosco Greens Suite 984', NULL);
INSERT INTO public.customers (id, name, phone, address, "twilioVerificationSid") VALUES ('c61e4c46-4ee8-41e1-96ca-48cae824d983', 'Derrick Muller', '+380276780414', '758 Jalon Vista Suite 188', NULL);
INSERT INTO public.customers (id, name, phone, address, "twilioVerificationSid") VALUES ('17a23fbf-4a43-4d68-af3e-361973c0838e', 'Israel Stroman', '+380416961427', '6980 Asia Ville Suite 018', NULL);
INSERT INTO public.customers (id, name, phone, address, "twilioVerificationSid") VALUES ('32c29532-c798-4cda-86e8-16f8e801f7cb', 'Kathy Batz Jr.', '+380405506751', '17669 Ernestine Mall Apt. 077', NULL);
INSERT INTO public.customers (id, name, phone, address, "twilioVerificationSid") VALUES ('2a8308dc-26c1-4b99-a57c-4ebb750d3ce2', 'Rodolfo Kuhlman', '+380772125836', '802 Florine Path Apt. 761', NULL);
INSERT INTO public.customers (id, name, phone, address, "twilioVerificationSid") VALUES ('e8df25c4-0d53-4766-99cb-2d5fb27a186e', 'Vera Hills', '+380699735144', '87874 Reagan Stravenue Suite 394', NULL);
INSERT INTO public.customers (id, name, phone, address, "twilioVerificationSid") VALUES ('828c33f2-77e4-47f5-85d7-91c118a35f97', 'Olga Roob', '+380842417538', '567 Roberts Mission Suite 136', NULL);
INSERT INTO public.customers (id, name, phone, address, "twilioVerificationSid") VALUES ('bb2b5444-dddb-4917-aef7-dcc3e734f6f4', 'Frankie Baumbach DDS', '+380539586859', '25339 Bogan Turnpike Suite 583', NULL);
INSERT INTO public.customers (id, name, phone, address, "twilioVerificationSid") VALUES ('d7b32c97-b7f8-47e9-80a6-f4001784db30', 'Donna Fahey', '+380254410993', '71517 Mante Summit Suite 816', NULL);
INSERT INTO public.customers (id, name, phone, address, "twilioVerificationSid") VALUES ('41caed2a-e754-4e15-b8d4-d88431d7577c', 'Genevieve Hoppe', '+380014080692', '0532 Isabelle Manors Suite 939', NULL);
INSERT INTO public.customers (id, name, phone, address, "twilioVerificationSid") VALUES ('dd73b132-89bd-4742-8390-9366e7cf7f10', 'Wayne Tromp', '+380015514605', '7436 Bertha Ramp Suite 818', NULL);
INSERT INTO public.customers (id, name, phone, address, "twilioVerificationSid") VALUES ('b029b572-a08d-4ab6-95ec-881499f75de2', 'Cristina Quigley', '+380335465570', '62694 Fatima Corner Suite 382', NULL);
INSERT INTO public.customers (id, name, phone, address, "twilioVerificationSid") VALUES ('6c6a3637-24a4-4046-b625-47a0a90fe150', 'Myra Medhurst', '+380314245696', '455 Friesen Meadow Apt. 625', NULL);
INSERT INTO public.customers (id, name, phone, address, "twilioVerificationSid") VALUES ('ce03e026-eba8-42da-b8bf-38cdead89cd6', 'Rachael Lueilwitz', '+380867092183', '88215 Bret Cliff Suite 409', NULL);
INSERT INTO public.customers (id, name, phone, address, "twilioVerificationSid") VALUES ('5ea262e1-23e3-4cac-8ff9-16dbd777cda4', 'Theodore Walter', '+380515626754', '31083 Dibbert Expressway Apt. 320', NULL);
INSERT INTO public.customers (id, name, phone, address, "twilioVerificationSid") VALUES ('54f2f8a7-0896-455c-b3de-df6457e7ea4e', 'Andres Willms', '+380158585636', '1151 Tamara Loop Suite 804', NULL);
INSERT INTO public.customers (id, name, phone, address, "twilioVerificationSid") VALUES ('674984fd-645d-4b74-8305-01f4a4147e25', 'Javier Larson', '+380502784651', '4567 Julian Bypass Apt. 515', NULL);
INSERT INTO public.customers (id, name, phone, address, "twilioVerificationSid") VALUES ('f9f6bb86-68c2-4706-90d1-fef87f579149', 'Wilson Mertz I', '+380578812587', '349 Torp Tunnel Suite 421', NULL);
INSERT INTO public.customers (id, name, phone, address, "twilioVerificationSid") VALUES ('693a3ebe-63c1-4339-8726-579919811902', 'Garry Rogahn', '+380326403843', '4039 Mariam Hill Apt. 398', NULL);
INSERT INTO public.customers (id, name, phone, address, "twilioVerificationSid") VALUES ('08684b98-fb60-42a7-a160-47dad44aa99c', 'David Kuvalis', '+380904846228', '72806 Carmine Crossing Suite 449', NULL);
INSERT INTO public.customers (id, name, phone, address, "twilioVerificationSid") VALUES ('373164b5-61e5-4742-acf5-219ebe8f3d5a', 'Ms. Jamie Rohan', '+380321109697', '8592 Jessyca Row Suite 420', NULL);
INSERT INTO public.customers (id, name, phone, address, "twilioVerificationSid") VALUES ('aeb298dc-22ac-4a45-bbc2-e28a19348307', 'Camille Stracke', '+380763377127', '769 Quigley Plaza Apt. 175', NULL);
INSERT INTO public.customers (id, name, phone, address, "twilioVerificationSid") VALUES ('e7caba47-c4d0-4313-81bc-d89ca12440a9', 'Theresa Jenkins', '+380122829059', '6643 Glover Inlet Suite 432', NULL);
INSERT INTO public.customers (id, name, phone, address, "twilioVerificationSid") VALUES ('6dc20a96-a576-43d1-a11e-90af4c3b08d3', 'Ana Schroeder', '+380845695713', '57234 Liam Centers Apt. 530', NULL);
INSERT INTO public.customers (id, name, phone, address, "twilioVerificationSid") VALUES ('214f323d-5a49-41c2-af47-a488dd73eff3', 'Owen Hartmann II', '+380506227283', '882 Keebler Manor Suite 078', NULL);
INSERT INTO public.customers (id, name, phone, address, "twilioVerificationSid") VALUES ('90e90f35-8d2d-4a1b-a023-d688054e491a', 'Дмитро', '+380731404334', 'Кукушкіна 23', 'VEde5533024c463849d467c77133e6c4a2');
INSERT INTO public.customers (id, name, phone, address, "twilioVerificationSid") VALUES ('ea635ea6-543e-4554-a610-1429e404052b', 'Lula Johnson', '+380501550092', '213 Carroll Unions Suite 072', NULL);
INSERT INTO public.customers (id, name, phone, address, "twilioVerificationSid") VALUES ('6d3d2d0c-8a76-405e-b496-63c328004499', 'Mitchell Skiles', '+380074604277', '4450 Spinka Junction Suite 511', NULL);
INSERT INTO public.customers (id, name, phone, address, "twilioVerificationSid") VALUES ('c501c10e-c489-4acb-af10-81dc8bfe4d03', 'Ricardo Runolfsson', '+380223559389', '17840 Mohammad Harbors Apt. 837', NULL);
INSERT INTO public.customers (id, name, phone, address, "twilioVerificationSid") VALUES ('6533b6b9-39d9-4887-b564-f4540251922a', 'Jim Franey', '+380458767572', '07741 Lelia Mills Apt. 579', NULL);
INSERT INTO public.menu (id, image, weight, title, ingredients, price, category_id) VALUES ('6eb1cb6f-a36e-4abd-a816-b8f9a3d7f49f', 'menu/menu-1660635752', 550, 'Піца Техас', 'Кукурудза, Цибуля, Гриби, Ковбаски баварські, Моцарела, Соус Барбекю', 215, 'f4b1f793-524c-408e-8c1b-a9c7c6029822');
INSERT INTO public.menu (id, image, weight, title, ingredients, price, category_id) VALUES ('72d1586d-f070-4d43-a23a-e6eb34e6ed95', 'menu/menu-1660635899', 552, 'Піца Барбекю', 'Курка, Цибуля, Бекон, Гриби, Моцарела, Соус Барбекю', 255, 'f4b1f793-524c-408e-8c1b-a9c7c6029822');
INSERT INTO public.menu (id, image, weight, title, ingredients, price, category_id) VALUES ('23a2cc9f-2e17-4516-882f-364b68839978', 'menu/menu-1660636947', 554, 'Піца Пепероні з томатами', 'Моцарела, Пепероні, Помідори, Соус Барбекю', 215, 'f4b1f793-524c-408e-8c1b-a9c7c6029822');
INSERT INTO public.menu (id, image, weight, title, ingredients, price, category_id) VALUES ('73383c80-2ecb-4f40-9174-ea24acd1b796', 'menu/menu-1660638814', 540, 'Піца Карбонара', 'Цибуля, Бекон, Шинка, Гриби, Моцарела, Соус Альфредо', 250, 'f4b1f793-524c-408e-8c1b-a9c7c6029822');
INSERT INTO public.menu (id, image, weight, title, ingredients, price, category_id) VALUES ('94720c8c-cd05-41f8-b144-5fbfdee3cb36', 'menu/menu-1660636300', 552, 'Піца Маргаріта', '(подвійна порція моцарели), Моцарела, Соус PizzaStack', 250, 'f4b1f793-524c-408e-8c1b-a9c7c6029822');
INSERT INTO public.menu (id, image, weight, title, ingredients, price, category_id) VALUES ('ecc5f06d-b8af-4c45-9add-ea3cabfa7753', 'menu/menu-1660636765', 555, 'Піца Мангеттен', '(подвійна порція грибів), Гриби, Моцарела, Пепероні, Соус Альфредо', 215, 'f4b1f793-524c-408e-8c1b-a9c7c6029822');
INSERT INTO public.menu (id, image, weight, title, ingredients, price, category_id) VALUES ('52162379-5fd2-4dc1-b737-b1185075c874', 'menu/menu-1660635535', 560, 'Піца Пепероні', 'Моцарела, Пепероні, Соус PizzaStack', 250, 'f4b1f793-524c-408e-8c1b-a9c7c6029822');
INSERT INTO public.menu (id, image, weight, title, ingredients, price, category_id) VALUES ('27764394-dd7f-4d4c-8999-c66731e1e573', 'menu/menu-1660636961', 545, 'Піца Шинка та гриби', 'Шинка, Гриби, Моцарела, Соус PizzaStack', 215, 'f4b1f793-524c-408e-8c1b-a9c7c6029822');
INSERT INTO public.menu (id, image, weight, title, ingredients, price, category_id) VALUES ('2facea92-5600-4e71-a58e-fed521679579', 'menu/menu-1660636988', 569, 'Піца Гриль Мікс', 'Курка, Фрикадельки, Цибуля, Бекон, Болгарський перець, Моцарела, Соус Барбекю', 250, 'f4b1f793-524c-408e-8c1b-a9c7c6029822');
INSERT INTO public.menu (id, image, weight, title, ingredients, price, category_id) VALUES ('87b4ca31-c89e-400b-bd26-88caddff8ef8', 'menu/menu-1661193364', NULL, 'Coca Cola 2л', '', 42.0, '165b1d86-3d08-423c-aaee-3fcdf3691353');
INSERT INTO public.menu (id, image, weight, title, ingredients, price, category_id) VALUES ('bc5c5d18-c7df-4c5b-9f32-2c89b8703c8e', 'menu/menu-1661108318', NULL, 'Сік JAFFA апельсин', '', 75.0, '165b1d86-3d08-423c-aaee-3fcdf3691353');
INSERT INTO public.menu (id, image, weight, title, ingredients, price, category_id) VALUES ('185e2e23-a610-4841-9514-2771a5c58e6d', 'menu/menu-1661108588', NULL, 'Red Bull 0.3л', '', 72.0, '165b1d86-3d08-423c-aaee-3fcdf3691353');
INSERT INTO public.menu (id, image, weight, title, ingredients, price, category_id) VALUES ('051cfaf8-d1f8-4948-ba7c-f00bfdb085f3', 'menu/menu-1661108656', NULL, 'Сік Galicia Смузі Яблуко-Банан-Манго-Апельсин 0.2л', '', 20.0, '165b1d86-3d08-423c-aaee-3fcdf3691353');
INSERT INTO public.menu (id, image, weight, title, ingredients, price, category_id) VALUES ('0a37bb83-f5ba-4898-98f0-f445018c70bf', 'menu/menu-1661108768', NULL, 'Напій 4Move Mint & Lime 0.75л', '', 43.0, '165b1d86-3d08-423c-aaee-3fcdf3691353');
INSERT INTO public.menu (id, image, weight, title, ingredients, price, category_id) VALUES ('8bc6d00f-02f5-4f46-9d3c-2c40d3ac5f2c', 'menu/menu-1661108851', NULL, 'Сік "Наш Сік" яблучний 0.95л', '', 55.0, '165b1d86-3d08-423c-aaee-3fcdf3691353');
INSERT INTO public.menu (id, image, weight, title, ingredients, price, category_id) VALUES ('62bf8a38-42f8-4ebe-9988-ce059c4b2609', 'menu/menu-1661108945', NULL, 'Кава Hell Energy Coffee Cappuccino 0.25л', '', 52.0, '165b1d86-3d08-423c-aaee-3fcdf3691353');
INSERT INTO public.menu (id, image, weight, title, ingredients, price, category_id) VALUES ('5700d000-98aa-43b0-aa4f-34cfa6881cc6', 'menu/menu-1661109007', NULL, 'Вода мінеральна Моршинська негазовна 1,5л', '', 26.0, '165b1d86-3d08-423c-aaee-3fcdf3691353');
INSERT INTO public.menu (id, image, weight, title, ingredients, price, category_id) VALUES ('916dc46a-a39e-49a1-9e6f-bfcf5b1a16fa', 'menu/menu-1661109067', NULL, 'Напій "Квас Тарас" Чорний 1,5л', '', 47.0, '165b1d86-3d08-423c-aaee-3fcdf3691353');
INSERT INTO public.menu (id, image, weight, title, ingredients, price, category_id) VALUES ('2d4d40a4-d7fc-466c-b34a-a181bcb9eef8', 'menu/menu-1661109141', NULL, 'Напій Живчик з соком яблука 2л', '', 43.0, '165b1d86-3d08-423c-aaee-3fcdf3691353');
INSERT INTO public.menu (id, image, weight, title, ingredients, price, category_id) VALUES ('0aa860d9-4daa-4930-8217-2a5bd78cb044', 'menu/menu-1661109230', NULL, 'Узвар Ярмолинці з шипшиною', '', 50.0, '165b1d86-3d08-423c-aaee-3fcdf3691353');
INSERT INTO public.order_status (id, label) VALUES ('NEW', 'Новий');
INSERT INTO public.order_status (id, label) VALUES ('IN_PROGRESS', 'Готується');
INSERT INTO public.order_status (id, label) VALUES ('DONE', 'Готовий до видачі');
INSERT INTO public.order_status (id, label) VALUES ('DELIVERED', 'Виданий клієнту');
INSERT INTO public.order_status (id, label) VALUES ('CANCELED', 'Відмінений');
INSERT INTO public.payment_status (id, label) VALUES ('PROCESSING', 'Очікуємо оплати');
INSERT INTO public.payment_status (id, label) VALUES ('SUCCEEDED', 'Оплачено');
INSERT INTO public.payment_status (id, label) VALUES ('FAILED', 'Оплату відмінено');
INSERT INTO public.payment_types (id, label) VALUES ('CARD', 'Картка');
INSERT INTO public.payment_types (id, label) VALUES ('CASH', 'Готівка');
INSERT INTO public.payment_types (id, label) VALUES ('ONLINE', 'Онлайн');
INSERT INTO public.orders (id, client_name, client_phone, client_address, status, created_at, comment, payment_type, payment_id, payment_status) VALUES ('f2bb3097-83a5-4d31-9471-1b8577600e49', 'Ignacio Hoppe', '+380850153226', '720 Sean Field Apt. 119', 'DELIVERED', '2022-10-23 20:52:34.939+00', NULL, 'CARD', NULL, NULL);
INSERT INTO public.orders (id, client_name, client_phone, client_address, status, created_at, comment, payment_type, payment_id, payment_status) VALUES ('9570c176-f8cb-43ac-80a1-00939e299899', 'Nelson Kiehn', '+380599498058', '3530 Bryana Point Suite 842', 'DELIVERED', '2022-10-23 06:16:34.956+00', 'Ratione aut id et fuga.
Alias culpa aspernatur laudantium.
Dolor non dolorem.
Sapiente omnis libero est non.', 'CARD', NULL, NULL);
INSERT INTO public.orders (id, client_name, client_phone, client_address, status, created_at, comment, payment_type, payment_id, payment_status) VALUES ('8c3bf223-7216-4921-a2ac-7fd6ad188bcd', 'Gregory Dach', '+380478928523', '67720 Altenwerth Junctions Suite 951', 'DELIVERED', '2022-10-25 08:22:41.542+00', NULL, 'CASH', NULL, NULL);
INSERT INTO public.orders (id, client_name, client_phone, client_address, status, created_at, comment, payment_type, payment_id, payment_status) VALUES ('6cdce68c-c4f3-45d1-bfc4-79e1bea97333', 'Angelo Veum', '+380459189562', '106 Prosacco Corner Apt. 414', 'DELIVERED', '2022-10-25 13:34:36.941+00', 'Libero quaerat et fuga distinctio temporibus quo.
Provident voluptates suscipit.
Autem esse aut eos et.', 'CASH', NULL, NULL);
INSERT INTO public.orders (id, client_name, client_phone, client_address, status, created_at, comment, payment_type, payment_id, payment_status) VALUES ('ea2c6de4-7032-4fa6-a7b8-0b9e45d9a92f', 'Alfonso Mills', '+380777783116', '861 O''Conner Dale Suite 722', 'DELIVERED', '2022-10-18 23:16:32.199+00', 'Doloremque minus et ipsum.
Ab vel veritatis.
Repudiandae rerum similique facilis dolorem.', 'CASH', NULL, NULL);
INSERT INTO public.orders (id, client_name, client_phone, client_address, status, created_at, comment, payment_type, payment_id, payment_status) VALUES ('2790f6b7-2067-406c-acfd-4955172b471d', 'Susie Rodriguez', '+380825066457', '0536 Kutch Run Suite 993', 'DELIVERED', '2022-10-19 08:46:55.356+00', 'Totam quae maxime nemo ullam minima facere.', 'CARD', NULL, NULL);
INSERT INTO public.orders (id, client_name, client_phone, client_address, status, created_at, comment, payment_type, payment_id, payment_status) VALUES ('2bd1a276-2595-4412-b9fb-40358c70e36f', 'Joel Simonis', '+380270821899', '0096 Jada Mission Apt. 268', 'DELIVERED', '2022-10-25 06:55:26.207+00', 'Libero laboriosam est ipsam nemo eveniet.
Est sed aut.
Alias ad aut nihil earum eveniet.
Facilis deserunt aliquid adipisci minima rerum ea qui.', 'CARD', NULL, NULL);
INSERT INTO public.orders (id, client_name, client_phone, client_address, status, created_at, comment, payment_type, payment_id, payment_status) VALUES ('b8ec2283-c11d-4e72-a5c2-ab3866466c01', 'Morris Glover', '+380045557258', '215 Fay Rapids Apt. 800', 'DELIVERED', '2022-10-23 12:35:52.347+00', NULL, 'CARD', NULL, NULL);
INSERT INTO public.orders (id, client_name, client_phone, client_address, status, created_at, comment, payment_type, payment_id, payment_status) VALUES ('4194c345-c15e-412f-83de-9c3a70991a59', 'Kristen Smitham', '+380477697117', '203 Janelle Extension Suite 242', 'DELIVERED', '2022-10-23 06:36:55.154+00', 'Vel laborum voluptas quidem et aut consequatur.
Iste odit eaque nostrum expedita.
Eum aut qui voluptas aut aut qui est natus.', 'CASH', NULL, NULL);
INSERT INTO public.orders (id, client_name, client_phone, client_address, status, created_at, comment, payment_type, payment_id, payment_status) VALUES ('db2d6f70-666a-4277-be37-09bb3dbbbcee', 'Virgil Jakubowski', '+380306456002', '9500 Hettinger Avenue Suite 206', 'DELIVERED', '2022-10-21 11:56:19.975+00', NULL, 'CASH', NULL, NULL);
INSERT INTO public.orders (id, client_name, client_phone, client_address, status, created_at, comment, payment_type, payment_id, payment_status) VALUES ('df08d6a3-903c-4556-9657-4d6a1427f02b', 'Kerry Hilpert', '+380953392237', '820 Lola Cove Apt. 688', 'DELIVERED', '2022-10-18 21:19:03.406+00', NULL, 'CARD', NULL, NULL);
INSERT INTO public.orders (id, client_name, client_phone, client_address, status, created_at, comment, payment_type, payment_id, payment_status) VALUES ('5f3a3ff2-b67f-47b4-b256-cab293bb7431', 'Mack Heaney', '+380390811291', '69675 Bosco Greens Suite 984', 'DELIVERED', '2022-10-21 19:07:16.336+00', NULL, 'CASH', NULL, NULL);
INSERT INTO public.orders (id, client_name, client_phone, client_address, status, created_at, comment, payment_type, payment_id, payment_status) VALUES ('1ff0e863-b18c-4a57-b2eb-6ed00af8181c', 'Ms. Billie Bechtelar', '+380461531877', '5458 Douglas Harbors Apt. 610', 'DELIVERED', '2022-10-19 07:09:26.368+00', 'Placeat architecto labore ut autem in doloremque.
Ea ab reprehenderit autem vel eveniet.
Voluptatibus aut qui assumenda reiciendis dolorum beatae quas.
Suscipit et totam et vel reiciendis labore vero facilis.', 'CARD', NULL, NULL);
INSERT INTO public.orders (id, client_name, client_phone, client_address, status, created_at, comment, payment_type, payment_id, payment_status) VALUES ('ffcdcccf-8fcc-475c-890f-e94ed2b4443b', 'Carroll Kiehn', '+380937287926', '2603 Tremaine Meadow Suite 849', 'DELIVERED', '2022-10-22 07:59:27.454+00', NULL, 'CARD', NULL, NULL);
INSERT INTO public.orders (id, client_name, client_phone, client_address, status, created_at, comment, payment_type, payment_id, payment_status) VALUES ('29bd9082-874c-438c-84d6-4ae219a046a5', 'Bobby Reichert', '+380162728830', '275 Boyle Manor Apt. 119', 'DELIVERED', '2022-10-23 13:42:06.408+00', 'Perferendis excepturi laboriosam fugit ratione unde quae laudantium ut.
Qui saepe iusto voluptate porro molestias porro non qui dignissimos.
Tempore ea ut enim saepe fugit provident odit nulla.
Qui ut dolor neque laborum ea est ex.', 'CASH', NULL, NULL);
INSERT INTO public.orders (id, client_name, client_phone, client_address, status, created_at, comment, payment_type, payment_id, payment_status) VALUES ('b169b76e-14f3-4bf0-b7c8-7a530c7900b4', 'Noah Murazik II', '+380209493006', '803 Marcus Fords Suite 901', 'DELIVERED', '2022-10-21 01:36:35.001+00', 'Minus saepe qui quo atque commodi sapiente pariatur aliquam eaque.
Rerum facere est.
In sed sunt provident.
Non perspiciatis et ut sunt eum.', 'CASH', NULL, NULL);
INSERT INTO public.orders (id, client_name, client_phone, client_address, status, created_at, comment, payment_type, payment_id, payment_status) VALUES ('8a5945df-c01f-4719-a62c-f32620892968', 'Stanley Rice', '+380269576933', '8404 Wehner Mill Suite 926', 'DELIVERED', '2022-10-21 21:27:25.435+00', 'Qui eius reiciendis consectetur vel voluptate autem.
Libero odio officiis error tempore dolorem.
Illum omnis est eligendi sapiente quisquam et quidem omnis.
Necessitatibus dolorem ab eligendi consequatur tenetur nemo eos.', 'CARD', NULL, NULL);
INSERT INTO public.orders (id, client_name, client_phone, client_address, status, created_at, comment, payment_type, payment_id, payment_status) VALUES ('9acab3d0-7c03-4bf9-aec7-431ee74501c4', 'Marcella Dach', '+380285571107', '54136 Kaylie Trail Suite 230', 'DELIVERED', '2022-10-23 13:26:45.328+00', NULL, 'CARD', NULL, NULL);
INSERT INTO public.orders (id, client_name, client_phone, client_address, status, created_at, comment, payment_type, payment_id, payment_status) VALUES ('a0400891-80ce-4690-8809-fa540c2867e1', 'Alex Haag III', '+380107220659', '7980 Schroeder Fork Suite 747', 'DELIVERED', '2022-10-24 20:04:46.02+00', 'Veritatis assumenda ullam similique itaque et.
Possimus voluptatem voluptatibus et possimus sapiente et ut molestiae et.
Suscipit ut ad aut occaecati maiores amet est.
Ullam nobis id laudantium.
Quasi laboriosam neque porro qui vero voluptas nihil voluptas.', 'CARD', NULL, NULL);
INSERT INTO public.orders (id, client_name, client_phone, client_address, status, created_at, comment, payment_type, payment_id, payment_status) VALUES ('70539bfc-bbe1-40e4-ad83-91d1f0f57904', 'Della Carter', '+380590147898', '698 Brown Square Suite 480', 'DELIVERED', '2022-10-22 01:39:39.551+00', NULL, 'CASH', NULL, NULL);
INSERT INTO public.orders (id, client_name, client_phone, client_address, status, created_at, comment, payment_type, payment_id, payment_status) VALUES ('27cc3fe8-b8a6-49b3-8137-db78f9ac387a', 'Steven Gutmann DDS', '+380390028491', '27652 Balistreri Coves Apt. 350', 'DELIVERED', '2022-10-18 18:15:01.28+00', NULL, 'CARD', NULL, NULL);
INSERT INTO public.orders (id, client_name, client_phone, client_address, status, created_at, comment, payment_type, payment_id, payment_status) VALUES ('970f699e-88b6-4ca7-9cdc-2769091b804c', 'Cesar Hodkiewicz', '+380122059696', '9889 Reichert Passage Suite 904', 'DELIVERED', '2022-10-20 03:58:21.34+00', NULL, 'CASH', NULL, NULL);
INSERT INTO public.orders (id, client_name, client_phone, client_address, status, created_at, comment, payment_type, payment_id, payment_status) VALUES ('4eaa2a38-3b12-4d6f-ae94-5434708392af', 'Ernesto Harris', '+380650581967', '2278 Jaquelin Locks Apt. 470', 'DELIVERED', '2022-10-23 15:34:59.047+00', NULL, 'CASH', NULL, NULL);
INSERT INTO public.orders (id, client_name, client_phone, client_address, status, created_at, comment, payment_type, payment_id, payment_status) VALUES ('18cb867e-5852-43f6-b9ed-1c443754d839', 'Sherri Ruecker', '+380671290339', '66979 Bruen Drive Apt. 104', 'DELIVERED', '2022-10-22 07:02:15.699+00', NULL, 'CASH', NULL, NULL);
INSERT INTO public.orders (id, client_name, client_phone, client_address, status, created_at, comment, payment_type, payment_id, payment_status) VALUES ('f7e3add6-dc84-4566-b355-cebfa30986b6', 'Darrell Waelchi', '+380339737954', '227 Pfeffer Crest Apt. 609', 'DELIVERED', '2022-10-22 07:40:19.069+00', 'Doloribus veritatis est veritatis illum beatae atque quod.
Quam sit et optio velit voluptatem occaecati quia.', 'CASH', NULL, NULL);
INSERT INTO public.orders (id, client_name, client_phone, client_address, status, created_at, comment, payment_type, payment_id, payment_status) VALUES ('c5a6c12f-a6a2-4caf-8b5f-5fa4ca300d73', 'Kathy Batz Jr.', '+380405506751', '17669 Ernestine Mall Apt. 077', 'DELIVERED', '2022-10-23 23:42:20.004+00', NULL, 'CASH', NULL, NULL);
INSERT INTO public.orders (id, client_name, client_phone, client_address, status, created_at, comment, payment_type, payment_id, payment_status) VALUES ('dc29153b-880f-4505-ae5e-6a8f75f76360', 'Genevieve Hoppe', '+380014080692', '0532 Isabelle Manors Suite 939', 'DELIVERED', '2022-10-19 21:08:17.904+00', 'Perspiciatis repudiandae perspiciatis est magnam.
Non laudantium sint voluptate quia porro delectus non illo ea.', 'CASH', NULL, NULL);
INSERT INTO public.orders (id, client_name, client_phone, client_address, status, created_at, comment, payment_type, payment_id, payment_status) VALUES ('043698d8-e374-458e-ad3d-d2e56c12a5dc', 'Olga Roob', '+380842417538', '567 Roberts Mission Suite 136', 'DELIVERED', '2022-10-22 11:58:04.562+00', NULL, 'CARD', NULL, NULL);
INSERT INTO public.orders (id, client_name, client_phone, client_address, status, created_at, comment, payment_type, payment_id, payment_status) VALUES ('5ce636c5-5499-43ea-bd10-b0307f2015ed', 'Donna Fahey', '+380254410993', '71517 Mante Summit Suite 816', 'DELIVERED', '2022-10-24 11:36:23.467+00', NULL, 'CARD', NULL, NULL);
INSERT INTO public.orders (id, client_name, client_phone, client_address, status, created_at, comment, payment_type, payment_id, payment_status) VALUES ('54d4043f-adc3-45ed-ba8e-b25deeccf6c2', 'Israel Stroman', '+380416961427', '6980 Asia Ville Suite 018', 'DELIVERED', '2022-10-23 03:56:25.197+00', NULL, 'CASH', NULL, NULL);
INSERT INTO public.orders (id, client_name, client_phone, client_address, status, created_at, comment, payment_type, payment_id, payment_status) VALUES ('244cdfee-bb24-4e4c-ab6b-dd56a35e854f', 'Frankie Baumbach DDS', '+380539586859', '25339 Bogan Turnpike Suite 583', 'DELIVERED', '2022-10-25 04:45:39.87+00', 'Ut quibusdam et autem quo soluta explicabo aspernatur porro.
Sed consequatur impedit a qui modi repellat nemo.
Ad officiis blanditiis possimus.
Veritatis error iste eos sapiente ut laboriosam facilis.
Repudiandae reprehenderit sed necessitatibus quia et harum.', 'CASH', NULL, NULL);
INSERT INTO public.orders (id, client_name, client_phone, client_address, status, created_at, comment, payment_type, payment_id, payment_status) VALUES ('5faacd31-d7f8-4b29-95ae-1f44d46fe635', 'Rodolfo Kuhlman', '+380772125836', '802 Florine Path Apt. 761', 'DELIVERED', '2022-10-25 06:10:04.851+00', NULL, 'CARD', NULL, NULL);
INSERT INTO public.orders (id, client_name, client_phone, client_address, status, created_at, comment, payment_type, payment_id, payment_status) VALUES ('b593d901-be3c-4581-9b9f-5e5ad63ddb30', 'Vera Hills', '+380699735144', '87874 Reagan Stravenue Suite 394', 'DELIVERED', '2022-10-22 02:49:27.814+00', NULL, 'CASH', NULL, NULL);
INSERT INTO public.orders (id, client_name, client_phone, client_address, status, created_at, comment, payment_type, payment_id, payment_status) VALUES ('405e694d-d22a-45df-8e61-03d376b573be', 'Derrick Muller', '+380276780414', '758 Jalon Vista Suite 188', 'DELIVERED', '2022-10-18 23:11:40.41+00', NULL, 'CASH', NULL, NULL);
INSERT INTO public.orders (id, client_name, client_phone, client_address, status, created_at, comment, payment_type, payment_id, payment_status) VALUES ('a8684a70-25c7-4122-b8f3-a4b4d9392e13', 'Дмитро', '+380731404334', 'Кукушкіна 23', 'CANCELED', '2022-10-25 15:26:19.262807+00', '', 'ONLINE', 531956422, NULL);
INSERT INTO public.orders (id, client_name, client_phone, client_address, status, created_at, comment, payment_type, payment_id, payment_status) VALUES ('00d0e2f3-5b76-4bae-92f8-efabc91894a9', 'Дмитро', '+380731404334', 'Кукушкіна 23', 'CANCELED', '2022-11-01 18:20:45.097211+00', '', 'CASH', NULL, NULL);
INSERT INTO public.orders (id, client_name, client_phone, client_address, status, created_at, comment, payment_type, payment_id, payment_status) VALUES ('2be8b840-b2e1-42b3-83ef-0b391a28fe77', 'Дмитро', '+380731404334', 'Кукушкіна 23', 'DELIVERED', '2022-11-01 18:21:56.989622+00', '', 'CASH', NULL, 'PROCESSING');
INSERT INTO public.orders (id, client_name, client_phone, client_address, status, created_at, comment, payment_type, payment_id, payment_status) VALUES ('b25b33ce-cccb-4c71-ae24-037d873d296f', 'Дмитро', '+380731404334', 'Кукушкіна 23', 'CANCELED', '2022-11-01 18:33:56.788891+00', '', 'CASH', NULL, 'PROCESSING');
INSERT INTO public.orders (id, client_name, client_phone, client_address, status, created_at, comment, payment_type, payment_id, payment_status) VALUES ('48043dcd-4a6a-40ca-bbbd-89e5eb420663', 'Theodore Walter', '+380515626754', '31083 Dibbert Expressway Apt. 320', 'DELIVERED', '2022-11-01 22:00:03.195+00', NULL, 'CARD', NULL, NULL);
INSERT INTO public.orders (id, client_name, client_phone, client_address, status, created_at, comment, payment_type, payment_id, payment_status) VALUES ('0a87b39f-4a00-4503-b938-56f7e4770e88', 'Andres Willms', '+380158585636', '1151 Tamara Loop Suite 804', 'DELIVERED', '2022-11-01 23:13:07.477+00', 'Dolores dolore animi aut fugit.', 'CARD', NULL, NULL);
INSERT INTO public.orders (id, client_name, client_phone, client_address, status, created_at, comment, payment_type, payment_id, payment_status) VALUES ('c6b6982f-7925-41f6-9ee7-d02e80784bb4', 'Дмитро', '+380731404334', 'Кукушкіна 23', 'CANCELED', '2022-11-01 18:35:05.342159+00', '', 'CASH', NULL, 'FAILED');
INSERT INTO public.orders (id, client_name, client_phone, client_address, status, created_at, comment, payment_type, payment_id, payment_status) VALUES ('ccc17c87-82aa-4e74-87cf-7a4d68b68f03', 'Javier Larson', '+380502784651', '4567 Julian Bypass Apt. 515', 'DELIVERED', '2022-11-02 00:32:46.411+00', 'Enim explicabo iusto.', 'CASH', NULL, NULL);
INSERT INTO public.orders (id, client_name, client_phone, client_address, status, created_at, comment, payment_type, payment_id, payment_status) VALUES ('449c6f71-2652-459e-b32f-0e08e440c394', 'Дмитро', '+380731404334', 'Кукушкіна 23', 'DELIVERED', '2022-11-01 18:36:21.372109+00', '', 'CASH', NULL, 'SUCCEEDED');
INSERT INTO public.orders (id, client_name, client_phone, client_address, status, created_at, comment, payment_type, payment_id, payment_status) VALUES ('70c5a330-0d85-4242-a44d-66f23958db16', 'Wayne Tromp', '+380015514605', '7436 Bertha Ramp Suite 818', 'DELIVERED', '2022-10-27 17:00:06.09+00', NULL, 'CARD', NULL, NULL);
INSERT INTO public.orders (id, client_name, client_phone, client_address, status, created_at, comment, payment_type, payment_id, payment_status) VALUES ('abe89fcd-582b-407e-aa5b-ed37699f462d', 'Wilson Mertz I', '+380578812587', '349 Torp Tunnel Suite 421', 'DELIVERED', '2022-11-02 02:14:43.386+00', 'Quis velit eius optio hic ut similique.
Libero quas pariatur.', 'CARD', NULL, NULL);
INSERT INTO public.orders (id, client_name, client_phone, client_address, status, created_at, comment, payment_type, payment_id, payment_status) VALUES ('555ed373-e8e1-46a6-a111-edb666cd362d', 'Дмитро', '+380731404334', 'Кукушкіна 23', 'DELIVERED', '2022-11-01 18:46:06.173592+00', '', 'CASH', NULL, 'SUCCEEDED');
INSERT INTO public.orders (id, client_name, client_phone, client_address, status, created_at, comment, payment_type, payment_id, payment_status) VALUES ('be298415-590c-48c8-95c4-31b9ade9c16e', 'Cristina Quigley', '+380335465570', '62694 Fatima Corner Suite 382', 'DELIVERED', '2022-11-01 19:00:08.838+00', NULL, 'CASH', NULL, NULL);
INSERT INTO public.orders (id, client_name, client_phone, client_address, status, created_at, comment, payment_type, payment_id, payment_status) VALUES ('88fd217d-569f-462f-bc56-f19f07e11e93', 'Myra Medhurst', '+380314245696', '455 Friesen Meadow Apt. 625', 'DELIVERED', '2022-11-01 20:00:07.498+00', NULL, 'CASH', NULL, NULL);
INSERT INTO public.orders (id, client_name, client_phone, client_address, status, created_at, comment, payment_type, payment_id, payment_status) VALUES ('e55ac0b3-7ab4-41b1-b5d3-459bc3c56bff', 'Rachael Lueilwitz', '+380867092183', '88215 Bret Cliff Suite 409', 'DELIVERED', '2022-11-01 21:01:53.504+00', 'Quia voluptas aliquid est error assumenda quis sit est voluptatem.
Laudantium beatae labore sed et ut beatae quis blanditiis.
Eligendi expedita rem labore sed blanditiis.', 'CARD', NULL, NULL);
INSERT INTO public.orders (id, client_name, client_phone, client_address, status, created_at, comment, payment_type, payment_id, payment_status) VALUES ('534aeb13-6d46-434c-9de9-dfb9854053a1', 'Garry Rogahn', '+380326403843', '4039 Mariam Hill Apt. 398', 'DELIVERED', '2022-11-02 02:14:43.623+00', 'Occaecati est beatae dignissimos cupiditate impedit consectetur dignissimos sint.
Iure maxime consequatur.
Facere reprehenderit modi impedit id aut qui.', 'CARD', NULL, NULL);
INSERT INTO public.orders (id, client_name, client_phone, client_address, status, created_at, comment, payment_type, payment_id, payment_status) VALUES ('34749ca9-b30b-430b-8531-4e46cd504a7f', 'Ms. Jamie Rohan', '+380321109697', '8592 Jessyca Row Suite 420', 'DELIVERED', '2022-11-02 04:15:40.316+00', NULL, 'CASH', NULL, NULL);
INSERT INTO public.orders (id, client_name, client_phone, client_address, status, created_at, comment, payment_type, payment_id, payment_status) VALUES ('5d606884-88bd-4f51-833d-df011f52665a', 'David Kuvalis', '+380904846228', '72806 Carmine Crossing Suite 449', 'DELIVERED', '2022-11-02 04:15:40.535+00', NULL, 'CARD', NULL, NULL);
INSERT INTO public.orders (id, client_name, client_phone, client_address, status, created_at, comment, payment_type, payment_id, payment_status) VALUES ('2f9ace23-81dc-4533-a32a-9f23513471be', 'Дмитро', '+380731404334', 'Кукушкіна 23', 'CANCELED', '2022-10-25 15:40:12.935169+00', '', 'ONLINE', 531959233, 'PROCESSING');
INSERT INTO public.orders (id, client_name, client_phone, client_address, status, created_at, comment, payment_type, payment_id, payment_status) VALUES ('d6ca2495-bddc-497c-bd30-11ae9a89616e', 'Дмитро', '+380731404334', 'Кукушкіна 23', 'CANCELED', '2022-10-25 15:41:55.075011+00', '', 'ONLINE', 531959619, 'PROCESSING');
INSERT INTO public.orders (id, client_name, client_phone, client_address, status, created_at, comment, payment_type, payment_id, payment_status) VALUES ('ec433454-484c-49ee-a83d-5b5fcc7ed49d', 'Camille Stracke', '+380763377127', '769 Quigley Plaza Apt. 175', 'DELIVERED', '2022-11-02 06:16:07.368+00', NULL, 'CASH', NULL, NULL);
INSERT INTO public.orders (id, client_name, client_phone, client_address, status, created_at, comment, payment_type, payment_id, payment_status) VALUES ('11662ae5-128c-43a3-9f5e-c72fa65da901', 'Theresa Jenkins', '+380122829059', '6643 Glover Inlet Suite 432', 'DELIVERED', '2022-11-02 06:16:07.574+00', 'Provident voluptatum deserunt dignissimos eaque.', 'CARD', NULL, NULL);
INSERT INTO public.orders (id, client_name, client_phone, client_address, status, created_at, comment, payment_type, payment_id, payment_status) VALUES ('7338bda1-b19f-4b8c-8a80-402a4c791ea6', 'Дмитро', '+380731404334', 'Кукушкіна 23', 'CANCELED', '2022-10-25 15:53:34.507343+00', '', 'ONLINE', 531962067, 'PROCESSING');
INSERT INTO public.orders (id, client_name, client_phone, client_address, status, created_at, comment, payment_type, payment_id, payment_status) VALUES ('0729004b-face-4c93-9ba4-19717c340c7c', 'Owen Hartmann II', '+380506227283', '882 Keebler Manor Suite 078', 'DELIVERED', '2022-11-02 08:12:48.838+00', NULL, 'CASH', NULL, NULL);
INSERT INTO public.orders (id, client_name, client_phone, client_address, status, created_at, comment, payment_type, payment_id, payment_status) VALUES ('cd5ddd96-c077-4bb6-a00a-6976c08ae78b', 'Дмитро', '+380731404334', 'Кукушкіна 23', 'CANCELED', '2022-10-25 15:54:23.749931+00', '', 'CASH', NULL, NULL);
INSERT INTO public.orders (id, client_name, client_phone, client_address, status, created_at, comment, payment_type, payment_id, payment_status) VALUES ('48408741-6002-498d-a29a-7cda25b78918', 'Дмитро', '+380731404334', 'Кукушкіна 23', 'CANCELED', '2022-10-25 15:54:33.424442+00', '', 'ONLINE', 531962270, 'PROCESSING');
INSERT INTO public.orders (id, client_name, client_phone, client_address, status, created_at, comment, payment_type, payment_id, payment_status) VALUES ('c9539fb9-8e09-4021-a820-0686fa930e9f', 'Дмитро', '+380731404334', 'Кукушкіна 23', 'CANCELED', '2022-10-25 15:59:08.396158+00', '', 'ONLINE', 531963109, 'PROCESSING');
INSERT INTO public.orders (id, client_name, client_phone, client_address, status, created_at, comment, payment_type, payment_id, payment_status) VALUES ('febbc012-45ac-4f92-bdcb-1ab4aaf4f020', 'Дмитро', '+380731404334', 'Кукушкіна 23', 'CANCELED', '2022-10-25 16:01:22.449505+00', '', 'ONLINE', 531963570, 'PROCESSING');
INSERT INTO public.orders (id, client_name, client_phone, client_address, status, created_at, comment, payment_type, payment_id, payment_status) VALUES ('35c0c842-c87e-4adc-921e-806237e82839', 'Дмитро', '+380731404334', 'Кукушкіна 23', 'CANCELED', '2022-10-25 16:11:25.024682+00', '', 'ONLINE', 531965552, 'PROCESSING');
INSERT INTO public.orders (id, client_name, client_phone, client_address, status, created_at, comment, payment_type, payment_id, payment_status) VALUES ('d3a04b6c-1939-45da-9d3a-ae670e2b948b', 'Дмитро', '+380731404334', 'Кукушкіна 23', 'CANCELED', '2022-10-27 16:32:03.546598+00', '', 'ONLINE', NULL, 'PROCESSING');
INSERT INTO public.orders (id, client_name, client_phone, client_address, status, created_at, comment, payment_type, payment_id, payment_status) VALUES ('ea3fee22-2a32-4c6a-8a78-2cf31d97b765', 'Дмитро', '+380731404334', 'Кукушкіна 23', 'CANCELED', '2022-10-27 16:32:23.252454+00', '', 'ONLINE', NULL, 'PROCESSING');
INSERT INTO public.orders (id, client_name, client_phone, client_address, status, created_at, comment, payment_type, payment_id, payment_status) VALUES ('05107aa3-1a16-4dd0-a182-3fd0652f535b', 'Дмитро', '+380731404334', 'Кукушкіна 23', 'CANCELED', '2022-10-27 16:38:07.012345+00', '', 'ONLINE', 532315041, 'PROCESSING');
INSERT INTO public.orders (id, client_name, client_phone, client_address, status, created_at, comment, payment_type, payment_id, payment_status) VALUES ('3e704c89-eb11-4a68-9696-90335f1412e2', 'Дмитро', '+380731404334', 'Кукушкіна 23', 'CANCELED', '2022-10-27 16:38:48.832272+00', '', 'ONLINE', 532315186, 'PROCESSING');
INSERT INTO public.orders (id, client_name, client_phone, client_address, status, created_at, comment, payment_type, payment_id, payment_status) VALUES ('9238fd84-42c7-4d65-9275-a56873885239', 'Дмитро', '+380731404334', 'Кукушкіна 23', 'CANCELED', '2022-10-27 16:40:35.679658+00', '', 'ONLINE', 532315522, 'PROCESSING');
INSERT INTO public.orders (id, client_name, client_phone, client_address, status, created_at, comment, payment_type, payment_id, payment_status) VALUES ('197d360c-7c9a-485a-b752-b2949ed0b405', 'Дмитро', '+380731404334', 'Кукушкіна 23', 'CANCELED', '2022-10-27 16:51:27.488955+00', '', 'ONLINE', 532317643, 'PROCESSING');
INSERT INTO public.orders (id, client_name, client_phone, client_address, status, created_at, comment, payment_type, payment_id, payment_status) VALUES ('be242ad3-20fc-427e-addb-5d42330d2f51', 'Дмитро', '+380731404334', 'Кукушкіна 23', 'CANCELED', '2022-10-27 16:51:56.601912+00', '', 'CASH', NULL, NULL);
INSERT INTO public.orders (id, client_name, client_phone, client_address, status, created_at, comment, payment_type, payment_id, payment_status) VALUES ('cf0740d8-9813-4f0e-96d1-9dd3b88c949d', 'Дмитро', '+380731404334', 'Кукушкіна 23', 'CANCELED', '2022-10-27 16:52:02.383542+00', '', 'ONLINE', 532317763, 'PROCESSING');
INSERT INTO public.orders (id, client_name, client_phone, client_address, status, created_at, comment, payment_type, payment_id, payment_status) VALUES ('ea2a9456-6359-459c-ac08-3015c3c0289b', 'Дмитро', '+380731404334', 'Кукушкіна 23', 'CANCELED', '2022-10-27 16:52:32.693671+00', '', 'ONLINE', 532317862, 'PROCESSING');
INSERT INTO public.orders (id, client_name, client_phone, client_address, status, created_at, comment, payment_type, payment_id, payment_status) VALUES ('1fb6f6de-f597-4f30-b441-a61076ae1367', 'Дмитро', '+380731404334', 'Кукушкіна 23', 'CANCELED', '2022-10-27 16:53:56.315974+00', '', 'ONLINE', 532318132, 'PROCESSING');
INSERT INTO public.orders (id, client_name, client_phone, client_address, status, created_at, comment, payment_type, payment_id, payment_status) VALUES ('3d216543-6820-41e6-a3a7-a81faf9c85b0', 'Дмитро', '+380731404334', 'Кукушкіна 23', 'CANCELED', '2022-10-27 16:55:53.973353+00', '', 'ONLINE', 532318501, 'PROCESSING');
INSERT INTO public.orders (id, client_name, client_phone, client_address, status, created_at, comment, payment_type, payment_id, payment_status) VALUES ('61743dbf-d482-4091-8791-b4e811e35d30', 'Дмитро', '+380731404334', 'Кукушкіна 23', 'CANCELED', '2022-10-27 16:56:32.497651+00', '', 'ONLINE', 532318629, 'PROCESSING');
INSERT INTO public.orders (id, client_name, client_phone, client_address, status, created_at, comment, payment_type, payment_id, payment_status) VALUES ('c77ecbe5-5591-4ee8-9151-9532c303d9bd', 'Дмитро', '+380731404334', 'Кукушкіна 23', 'CANCELED', '2022-10-27 16:58:18.687443+00', '', 'ONLINE', 532318963, 'PROCESSING');
INSERT INTO public.orders (id, client_name, client_phone, client_address, status, created_at, comment, payment_type, payment_id, payment_status) VALUES ('c1c38e3b-a2dd-4e9d-9fe1-a15955f842cc', 'Дмитро', '+380731404334', 'Кукушкіна 23', 'CANCELED', '2022-10-27 16:59:43.382167+00', '', 'CASH', NULL, NULL);
INSERT INTO public.orders (id, client_name, client_phone, client_address, status, created_at, comment, payment_type, payment_id, payment_status) VALUES ('30b3be65-2c2a-4d30-a32a-ff606d21f59a', 'Дмитро', '+380731404334', 'Кукушкіна 23', 'CANCELED', '2022-10-27 17:00:02.935319+00', '', 'ONLINE', 532319312, 'PROCESSING');
INSERT INTO public.orders (id, client_name, client_phone, client_address, status, created_at, comment, payment_type, payment_id, payment_status) VALUES ('f4159df1-6a60-4476-affd-729e3e670e09', 'Дмитро', '+380731404334', 'Кукушкіна 23', 'CANCELED', '2022-10-27 17:01:40.834584+00', '', 'ONLINE', 532319569, 'PROCESSING');
INSERT INTO public.orders (id, client_name, client_phone, client_address, status, created_at, comment, payment_type, payment_id, payment_status) VALUES ('8a91b069-5902-407a-90b2-f12132c10135', 'Дмитро', '+380731404334', 'Кукушкіна 23', 'CANCELED', '2022-10-27 17:02:31.810171+00', '', 'ONLINE', 532319710, 'PROCESSING');
INSERT INTO public.orders (id, client_name, client_phone, client_address, status, created_at, comment, payment_type, payment_id, payment_status) VALUES ('0e27dba3-c128-40c0-bff9-72efca8db94d', 'Дмитро', '+380731404334', 'Кукушкіна 23', 'CANCELED', '2022-10-27 17:03:08.752998+00', '', 'ONLINE', 532319802, 'PROCESSING');
INSERT INTO public.orders (id, client_name, client_phone, client_address, status, created_at, comment, payment_type, payment_id, payment_status) VALUES ('b6f23b5b-977d-4ba2-b40e-53360843f6de', 'Дмитро', '+380731404334', 'Кукушкіна 23', 'CANCELED', '2022-10-27 17:10:43.016203+00', '', 'ONLINE', 532321156, 'SUCCEEDED');
INSERT INTO public.orders (id, client_name, client_phone, client_address, status, created_at, comment, payment_type, payment_id, payment_status) VALUES ('2020b1dd-2dca-455b-99bc-628c0f38f67e', 'Дмитро', '+380731404334', 'Кукушкіна 23', 'CANCELED', '2022-10-27 17:12:04.312863+00', '', 'ONLINE', 532321380, 'SUCCEEDED');
INSERT INTO public.orders (id, client_name, client_phone, client_address, status, created_at, comment, payment_type, payment_id, payment_status) VALUES ('010802b7-75c5-480b-80aa-63b4e405d21d', 'Дмитро', '+380731404334', 'Кукушкіна 23', 'CANCELED', '2022-10-27 17:34:40.768327+00', '', 'ONLINE', 532325184, 'SUCCEEDED');
INSERT INTO public.orders (id, client_name, client_phone, client_address, status, created_at, comment, payment_type, payment_id, payment_status) VALUES ('471c3a5d-c5e6-4b5e-aafb-f83f7f08962b', 'Дмитро', '+380731404334', 'Кукушкіна 23', 'CANCELED', '2022-10-27 17:13:29.194263+00', '', 'ONLINE', 532321610, 'SUCCEEDED');
INSERT INTO public.orders (id, client_name, client_phone, client_address, status, created_at, comment, payment_type, payment_id, payment_status) VALUES ('e1be103c-accc-427d-bda1-f7158d12d662', 'Дмитро', '+380731404334', 'Кукушкіна 23', 'CANCELED', '2022-10-27 17:35:38.645192+00', '', 'ONLINE', 532325321, 'SUCCEEDED');
INSERT INTO public.orders (id, client_name, client_phone, client_address, status, created_at, comment, payment_type, payment_id, payment_status) VALUES ('ebdfccec-25bf-4582-b3d8-d3e9e78b6999', 'Ana Schroeder', '+380845695713', '57234 Liam Centers Apt. 530', 'DELIVERED', '2022-11-02 08:12:48.887+00', NULL, 'CARD', NULL, NULL);
INSERT INTO public.orders (id, client_name, client_phone, client_address, status, created_at, comment, payment_type, payment_id, payment_status) VALUES ('7a5fec4a-2155-4798-9799-fd2b6bbdaf1e', 'Дмитро', '+380731404334', 'Кукушкіна 23', 'NEW', '2022-11-02 17:32:48.586284+00', '', 'CASH', NULL, 'PROCESSING');
INSERT INTO public.orders (id, client_name, client_phone, client_address, status, created_at, comment, payment_type, payment_id, payment_status) VALUES ('682e39a9-3f0b-4f81-8c4d-51b3d1c8fb38', 'Lula Johnson', '+380501550092', '213 Carroll Unions Suite 072', 'DELIVERED', '2022-11-02 18:00:10.275+00', NULL, 'CASH', NULL, NULL);
INSERT INTO public.orders (id, client_name, client_phone, client_address, status, created_at, comment, payment_type, payment_id, payment_status) VALUES ('0c90b695-3f19-4455-98ce-d8e8e5c51b18', 'Mitchell Skiles', '+380074604277', '4450 Spinka Junction Suite 511', 'DELIVERED', '2022-11-02 19:00:01.365+00', NULL, 'CARD', NULL, NULL);
INSERT INTO public.orders (id, client_name, client_phone, client_address, status, created_at, comment, payment_type, payment_id, payment_status) VALUES ('1aa50120-9aad-4637-95ff-f9e96d96b01e', 'Ricardo Runolfsson', '+380223559389', '17840 Mohammad Harbors Apt. 837', 'DELIVERED', '2022-11-02 20:08:24.527+00', 'Laboriosam voluptas totam nam eos maiores.
Mollitia omnis suscipit quasi.
Id minus delectus odit deserunt non sed.
Et nesciunt fugiat debitis nemo eveniet atque.
Dolor accusantium sed voluptas earum.', 'CARD', NULL, NULL);
INSERT INTO public.orders (id, client_name, client_phone, client_address, status, created_at, comment, payment_type, payment_id, payment_status) VALUES ('9ebaa43f-4e4b-4f2b-b206-6e6ac083939a', 'Jim Franey', '+380458767572', '07741 Lelia Mills Apt. 579', 'DELIVERED', '2023-01-29 20:00:00.891+00', NULL, 'CASH', NULL, NULL);
INSERT INTO public.orders_menu (order_id, menu_id, id, amount) VALUES ('f2bb3097-83a5-4d31-9471-1b8577600e49', '73383c80-2ecb-4f40-9174-ea24acd1b796', 'ab49c79b-f91f-4354-91ee-f6e0f9197c12', 1.0);
INSERT INTO public.orders_menu (order_id, menu_id, id, amount) VALUES ('f2bb3097-83a5-4d31-9471-1b8577600e49', '8bc6d00f-02f5-4f46-9d3c-2c40d3ac5f2c', 'f072fcd9-799c-4396-86ce-6af6dd039ba9', 1.0);
INSERT INTO public.orders_menu (order_id, menu_id, id, amount) VALUES ('9570c176-f8cb-43ac-80a1-00939e299899', '94720c8c-cd05-41f8-b144-5fbfdee3cb36', 'e251636f-714d-4b35-8139-10c4c027888c', 2.0);
INSERT INTO public.orders_menu (order_id, menu_id, id, amount) VALUES ('9570c176-f8cb-43ac-80a1-00939e299899', '0a37bb83-f5ba-4898-98f0-f445018c70bf', 'ffb21e3f-f841-4cda-b884-8cb70e170110', 2.0);
INSERT INTO public.orders_menu (order_id, menu_id, id, amount) VALUES ('8c3bf223-7216-4921-a2ac-7fd6ad188bcd', '72d1586d-f070-4d43-a23a-e6eb34e6ed95', 'c069d28b-8ae1-4604-8a19-79c891b6c227', 2.0);
INSERT INTO public.orders_menu (order_id, menu_id, id, amount) VALUES ('8c3bf223-7216-4921-a2ac-7fd6ad188bcd', '87b4ca31-c89e-400b-bd26-88caddff8ef8', '63b9438c-1509-4635-9e65-f75da2b3d3fb', 2.0);
INSERT INTO public.orders_menu (order_id, menu_id, id, amount) VALUES ('6cdce68c-c4f3-45d1-bfc4-79e1bea97333', '2facea92-5600-4e71-a58e-fed521679579', '145d9acf-deee-42eb-a1f5-cc6b8e541244', 2.0);
INSERT INTO public.orders_menu (order_id, menu_id, id, amount) VALUES ('6cdce68c-c4f3-45d1-bfc4-79e1bea97333', '5700d000-98aa-43b0-aa4f-34cfa6881cc6', 'f3bbd7ce-e130-4b48-83c9-f74ef7bfd68e', 1.0);
INSERT INTO public.orders_menu (order_id, menu_id, id, amount) VALUES ('ea2c6de4-7032-4fa6-a7b8-0b9e45d9a92f', '27764394-dd7f-4d4c-8999-c66731e1e573', '1914b4af-2ac9-48c5-9e9d-f59077a3267f', 2.0);
INSERT INTO public.orders_menu (order_id, menu_id, id, amount) VALUES ('ea2c6de4-7032-4fa6-a7b8-0b9e45d9a92f', '5700d000-98aa-43b0-aa4f-34cfa6881cc6', '41233aeb-9947-4d77-9d8b-a8ccd705cbfd', 1.0);
INSERT INTO public.orders_menu (order_id, menu_id, id, amount) VALUES ('2790f6b7-2067-406c-acfd-4955172b471d', '52162379-5fd2-4dc1-b737-b1185075c874', 'be40ebbe-8b79-45a7-ac6c-a3317b651623', 2.0);
INSERT INTO public.orders_menu (order_id, menu_id, id, amount) VALUES ('2790f6b7-2067-406c-acfd-4955172b471d', '2d4d40a4-d7fc-466c-b34a-a181bcb9eef8', '04299177-8a51-4f82-baf3-79c8651bbd26', 2.0);
INSERT INTO public.orders_menu (order_id, menu_id, id, amount) VALUES ('2bd1a276-2595-4412-b9fb-40358c70e36f', '94720c8c-cd05-41f8-b144-5fbfdee3cb36', '05db277e-8081-4b56-bd7c-1a4f0e603233', 2.0);
INSERT INTO public.orders_menu (order_id, menu_id, id, amount) VALUES ('2bd1a276-2595-4412-b9fb-40358c70e36f', '0a37bb83-f5ba-4898-98f0-f445018c70bf', 'b27076e3-ee88-42e7-998b-c120f06ef15c', 1.0);
INSERT INTO public.orders_menu (order_id, menu_id, id, amount) VALUES ('b8ec2283-c11d-4e72-a5c2-ab3866466c01', '52162379-5fd2-4dc1-b737-b1185075c874', 'b0733990-de3b-471b-8f08-618ed1cb5083', 1.0);
INSERT INTO public.orders_menu (order_id, menu_id, id, amount) VALUES ('b8ec2283-c11d-4e72-a5c2-ab3866466c01', '8bc6d00f-02f5-4f46-9d3c-2c40d3ac5f2c', 'dd0580ed-9655-4aec-a164-bd00dd50f2a5', 1.0);
INSERT INTO public.orders_menu (order_id, menu_id, id, amount) VALUES ('4194c345-c15e-412f-83de-9c3a70991a59', '23a2cc9f-2e17-4516-882f-364b68839978', '260bd5f1-a1b6-43a0-a54a-a376cf0c238a', 2.0);
INSERT INTO public.orders_menu (order_id, menu_id, id, amount) VALUES ('4194c345-c15e-412f-83de-9c3a70991a59', '62bf8a38-42f8-4ebe-9988-ce059c4b2609', '0ec05f9e-8073-46bd-bbca-1d6c7ffed786', 1.0);
INSERT INTO public.orders_menu (order_id, menu_id, id, amount) VALUES ('db2d6f70-666a-4277-be37-09bb3dbbbcee', '2facea92-5600-4e71-a58e-fed521679579', '8d0a6e45-bcd3-4f30-9ad2-7ed2f1aea168', 1.0);
INSERT INTO public.orders_menu (order_id, menu_id, id, amount) VALUES ('db2d6f70-666a-4277-be37-09bb3dbbbcee', '051cfaf8-d1f8-4948-ba7c-f00bfdb085f3', '91045adc-32b4-4520-87ba-95d447ea420e', 2.0);
INSERT INTO public.orders_menu (order_id, menu_id, id, amount) VALUES ('df08d6a3-903c-4556-9657-4d6a1427f02b', '94720c8c-cd05-41f8-b144-5fbfdee3cb36', 'a9fc0512-b6ce-4bcd-a7ea-91419b6500ef', 1.0);
INSERT INTO public.orders_menu (order_id, menu_id, id, amount) VALUES ('df08d6a3-903c-4556-9657-4d6a1427f02b', '0a37bb83-f5ba-4898-98f0-f445018c70bf', '032a2b4e-4a37-4555-8b9b-029419e80720', 1.0);
INSERT INTO public.orders_menu (order_id, menu_id, id, amount) VALUES ('5f3a3ff2-b67f-47b4-b256-cab293bb7431', '27764394-dd7f-4d4c-8999-c66731e1e573', 'a3953963-d8c8-4548-a1f0-f8c63260de03', 1.0);
INSERT INTO public.orders_menu (order_id, menu_id, id, amount) VALUES ('5f3a3ff2-b67f-47b4-b256-cab293bb7431', '916dc46a-a39e-49a1-9e6f-bfcf5b1a16fa', '1253069b-cb46-4abe-89ed-0d85ea02f3c6', 1.0);
INSERT INTO public.orders_menu (order_id, menu_id, id, amount) VALUES ('1ff0e863-b18c-4a57-b2eb-6ed00af8181c', '52162379-5fd2-4dc1-b737-b1185075c874', 'f40d0526-6703-4cc1-8c3c-1b819f20b175', 1.0);
INSERT INTO public.orders_menu (order_id, menu_id, id, amount) VALUES ('1ff0e863-b18c-4a57-b2eb-6ed00af8181c', '87b4ca31-c89e-400b-bd26-88caddff8ef8', '8edebd65-e503-4169-9958-d3f3559e4373', 1.0);
INSERT INTO public.orders_menu (order_id, menu_id, id, amount) VALUES ('ffcdcccf-8fcc-475c-890f-e94ed2b4443b', 'ecc5f06d-b8af-4c45-9add-ea3cabfa7753', 'b06e4dba-dedc-4430-aefe-7364682889be', 2.0);
INSERT INTO public.orders_menu (order_id, menu_id, id, amount) VALUES ('ffcdcccf-8fcc-475c-890f-e94ed2b4443b', '185e2e23-a610-4841-9514-2771a5c58e6d', '942c535c-929a-4131-94aa-3429deedb59a', 2.0);
INSERT INTO public.orders_menu (order_id, menu_id, id, amount) VALUES ('29bd9082-874c-438c-84d6-4ae219a046a5', '2facea92-5600-4e71-a58e-fed521679579', '12e7f548-52f8-4e78-a10f-6d428879dd44', 1.0);
INSERT INTO public.orders_menu (order_id, menu_id, id, amount) VALUES ('29bd9082-874c-438c-84d6-4ae219a046a5', '0a37bb83-f5ba-4898-98f0-f445018c70bf', '7c684a2e-795e-45c0-ad80-8b826def60c8', 2.0);
INSERT INTO public.orders_menu (order_id, menu_id, id, amount) VALUES ('b169b76e-14f3-4bf0-b7c8-7a530c7900b4', 'ecc5f06d-b8af-4c45-9add-ea3cabfa7753', '62f7d412-e70f-4d45-b84e-4d5ae983f7ef', 2.0);
INSERT INTO public.orders_menu (order_id, menu_id, id, amount) VALUES ('b169b76e-14f3-4bf0-b7c8-7a530c7900b4', '5700d000-98aa-43b0-aa4f-34cfa6881cc6', 'a4a4c8e3-3417-4a45-9ce4-2883d2eebe4e', 2.0);
INSERT INTO public.orders_menu (order_id, menu_id, id, amount) VALUES ('8a5945df-c01f-4719-a62c-f32620892968', '23a2cc9f-2e17-4516-882f-364b68839978', 'fb95d857-deff-4dc0-9df3-5ac49e9d3dd7', 2.0);
INSERT INTO public.orders_menu (order_id, menu_id, id, amount) VALUES ('8a5945df-c01f-4719-a62c-f32620892968', '62bf8a38-42f8-4ebe-9988-ce059c4b2609', '92101783-3b66-4f87-ba0f-d74fd08747cc', 2.0);
INSERT INTO public.orders_menu (order_id, menu_id, id, amount) VALUES ('9acab3d0-7c03-4bf9-aec7-431ee74501c4', '6eb1cb6f-a36e-4abd-a816-b8f9a3d7f49f', '58516d99-91b6-46c2-a39a-ac03d0ac9258', 2.0);
INSERT INTO public.orders_menu (order_id, menu_id, id, amount) VALUES ('9acab3d0-7c03-4bf9-aec7-431ee74501c4', '0aa860d9-4daa-4930-8217-2a5bd78cb044', 'e8588a7a-3b8c-424c-a455-297b0162f247', 1.0);
INSERT INTO public.orders_menu (order_id, menu_id, id, amount) VALUES ('a0400891-80ce-4690-8809-fa540c2867e1', '6eb1cb6f-a36e-4abd-a816-b8f9a3d7f49f', '6cc269f5-c9d7-4b7a-8739-fe79a47f44fa', 1.0);
INSERT INTO public.orders_menu (order_id, menu_id, id, amount) VALUES ('a0400891-80ce-4690-8809-fa540c2867e1', '0aa860d9-4daa-4930-8217-2a5bd78cb044', '682ef949-8da5-41e3-a5c0-83e1368105b0', 1.0);
INSERT INTO public.orders_menu (order_id, menu_id, id, amount) VALUES ('70539bfc-bbe1-40e4-ad83-91d1f0f57904', '94720c8c-cd05-41f8-b144-5fbfdee3cb36', 'a2fa0bda-8327-4d2c-877f-aa16b29fdd50', 2.0);
INSERT INTO public.orders_menu (order_id, menu_id, id, amount) VALUES ('70539bfc-bbe1-40e4-ad83-91d1f0f57904', '0aa860d9-4daa-4930-8217-2a5bd78cb044', '80035d90-83d7-4fed-8331-8a6eb0a3eb3d', 2.0);
INSERT INTO public.orders_menu (order_id, menu_id, id, amount) VALUES ('27cc3fe8-b8a6-49b3-8137-db78f9ac387a', '52162379-5fd2-4dc1-b737-b1185075c874', '3da272c8-e212-4d94-96d6-5dae7dfe8c65', 2.0);
INSERT INTO public.orders_menu (order_id, menu_id, id, amount) VALUES ('27cc3fe8-b8a6-49b3-8137-db78f9ac387a', '0a37bb83-f5ba-4898-98f0-f445018c70bf', '8e4878a0-d000-4158-868e-6cf489935e73', 2.0);
INSERT INTO public.orders_menu (order_id, menu_id, id, amount) VALUES ('970f699e-88b6-4ca7-9cdc-2769091b804c', '52162379-5fd2-4dc1-b737-b1185075c874', '191e5e48-99ce-4950-ae6e-d0b08564a59b', 2.0);
INSERT INTO public.orders_menu (order_id, menu_id, id, amount) VALUES ('970f699e-88b6-4ca7-9cdc-2769091b804c', '62bf8a38-42f8-4ebe-9988-ce059c4b2609', 'e98b17c2-9ab1-4250-962e-6c3f0eb945d9', 2.0);
INSERT INTO public.orders_menu (order_id, menu_id, id, amount) VALUES ('4eaa2a38-3b12-4d6f-ae94-5434708392af', '27764394-dd7f-4d4c-8999-c66731e1e573', '8786108f-5189-4716-a9a2-6e18ec367ed1', 2.0);
INSERT INTO public.orders_menu (order_id, menu_id, id, amount) VALUES ('4eaa2a38-3b12-4d6f-ae94-5434708392af', '5700d000-98aa-43b0-aa4f-34cfa6881cc6', '9744f84d-fe10-490e-9084-f8b323d39199', 2.0);
INSERT INTO public.orders_menu (order_id, menu_id, id, amount) VALUES ('18cb867e-5852-43f6-b9ed-1c443754d839', '72d1586d-f070-4d43-a23a-e6eb34e6ed95', 'cf821a91-73dc-4dbf-9342-edd4065d584d', 2.0);
INSERT INTO public.orders_menu (order_id, menu_id, id, amount) VALUES ('18cb867e-5852-43f6-b9ed-1c443754d839', '8bc6d00f-02f5-4f46-9d3c-2c40d3ac5f2c', 'c90b47eb-f167-438d-a363-3ca8f1fc9426', 2.0);
INSERT INTO public.orders_menu (order_id, menu_id, id, amount) VALUES ('f7e3add6-dc84-4566-b355-cebfa30986b6', '73383c80-2ecb-4f40-9174-ea24acd1b796', 'ba53080c-0028-4872-bff9-6d236d6eaba1', 2.0);
INSERT INTO public.orders_menu (order_id, menu_id, id, amount) VALUES ('f7e3add6-dc84-4566-b355-cebfa30986b6', 'bc5c5d18-c7df-4c5b-9f32-2c89b8703c8e', '89fffcc0-ffee-4baf-b9f3-af32dfe5debf', 2.0);
INSERT INTO public.orders_menu (order_id, menu_id, id, amount) VALUES ('c5a6c12f-a6a2-4caf-8b5f-5fa4ca300d73', '72d1586d-f070-4d43-a23a-e6eb34e6ed95', 'b4a83e49-1e27-4800-8c56-b260c5f68fae', 2.0);
INSERT INTO public.orders_menu (order_id, menu_id, id, amount) VALUES ('c5a6c12f-a6a2-4caf-8b5f-5fa4ca300d73', '8bc6d00f-02f5-4f46-9d3c-2c40d3ac5f2c', '7af0dd67-5198-40a9-8255-cb10e79c2abc', 1.0);
INSERT INTO public.orders_menu (order_id, menu_id, id, amount) VALUES ('dc29153b-880f-4505-ae5e-6a8f75f76360', '94720c8c-cd05-41f8-b144-5fbfdee3cb36', '1c67a140-3d0d-496c-a4a4-0ca6712b4d0f', 1.0);
INSERT INTO public.orders_menu (order_id, menu_id, id, amount) VALUES ('dc29153b-880f-4505-ae5e-6a8f75f76360', '62bf8a38-42f8-4ebe-9988-ce059c4b2609', '80dec494-1e62-4ad1-bdc5-d98f939d75f3', 1.0);
INSERT INTO public.orders_menu (order_id, menu_id, id, amount) VALUES ('043698d8-e374-458e-ad3d-d2e56c12a5dc', '72d1586d-f070-4d43-a23a-e6eb34e6ed95', '2ea89d2d-29d4-4b37-aa1a-f4c0edecdc83', 1.0);
INSERT INTO public.orders_menu (order_id, menu_id, id, amount) VALUES ('043698d8-e374-458e-ad3d-d2e56c12a5dc', 'bc5c5d18-c7df-4c5b-9f32-2c89b8703c8e', 'edfbd58c-152e-48e1-b146-95b27d77ced2', 1.0);
INSERT INTO public.orders_menu (order_id, menu_id, id, amount) VALUES ('5ce636c5-5499-43ea-bd10-b0307f2015ed', 'ecc5f06d-b8af-4c45-9add-ea3cabfa7753', '3b0b6960-8843-4406-ac79-0ffb55a7b4c6', 2.0);
INSERT INTO public.orders_menu (order_id, menu_id, id, amount) VALUES ('5ce636c5-5499-43ea-bd10-b0307f2015ed', '185e2e23-a610-4841-9514-2771a5c58e6d', 'bfeb4baa-9093-4a19-8da9-153b1354e430', 2.0);
INSERT INTO public.orders_menu (order_id, menu_id, id, amount) VALUES ('54d4043f-adc3-45ed-ba8e-b25deeccf6c2', '94720c8c-cd05-41f8-b144-5fbfdee3cb36', '1a74fafb-54a9-448f-8389-3a2ea9cc26b4', 2.0);
INSERT INTO public.orders_menu (order_id, menu_id, id, amount) VALUES ('54d4043f-adc3-45ed-ba8e-b25deeccf6c2', '0aa860d9-4daa-4930-8217-2a5bd78cb044', '7b1677da-5ff5-489f-96f9-a15029f2e077', 1.0);
INSERT INTO public.orders_menu (order_id, menu_id, id, amount) VALUES ('244cdfee-bb24-4e4c-ab6b-dd56a35e854f', 'ecc5f06d-b8af-4c45-9add-ea3cabfa7753', '81809031-acde-41a5-abaa-f451a36aac97', 1.0);
INSERT INTO public.orders_menu (order_id, menu_id, id, amount) VALUES ('244cdfee-bb24-4e4c-ab6b-dd56a35e854f', '051cfaf8-d1f8-4948-ba7c-f00bfdb085f3', 'd7dcadad-f65f-4459-bccc-a98c15e043f5', 2.0);
INSERT INTO public.orders_menu (order_id, menu_id, id, amount) VALUES ('5faacd31-d7f8-4b29-95ae-1f44d46fe635', '72d1586d-f070-4d43-a23a-e6eb34e6ed95', '36c24c6f-b84f-4438-a1f5-b0ae973002b9', 2.0);
INSERT INTO public.orders_menu (order_id, menu_id, id, amount) VALUES ('5faacd31-d7f8-4b29-95ae-1f44d46fe635', '8bc6d00f-02f5-4f46-9d3c-2c40d3ac5f2c', '30e8e6e5-0f35-41fd-88f9-ea14a46df460', 2.0);
INSERT INTO public.orders_menu (order_id, menu_id, id, amount) VALUES ('b593d901-be3c-4581-9b9f-5e5ad63ddb30', '27764394-dd7f-4d4c-8999-c66731e1e573', '67b3b7be-61a6-4622-a212-2612d99bc6a9', 1.0);
INSERT INTO public.orders_menu (order_id, menu_id, id, amount) VALUES ('b593d901-be3c-4581-9b9f-5e5ad63ddb30', '5700d000-98aa-43b0-aa4f-34cfa6881cc6', '1b2453fe-0bbf-462f-be7d-43b8663a4496', 1.0);
INSERT INTO public.orders_menu (order_id, menu_id, id, amount) VALUES ('405e694d-d22a-45df-8e61-03d376b573be', '6eb1cb6f-a36e-4abd-a816-b8f9a3d7f49f', '287ed87b-fa7f-4b93-94c1-8f921f75b12b', 1.0);
INSERT INTO public.orders_menu (order_id, menu_id, id, amount) VALUES ('405e694d-d22a-45df-8e61-03d376b573be', '916dc46a-a39e-49a1-9e6f-bfcf5b1a16fa', 'b0452ea0-bc26-4eb7-92f8-04a2b74d8df2', 1.0);
INSERT INTO public.orders_menu (order_id, menu_id, id, amount) VALUES ('a8684a70-25c7-4122-b8f3-a4b4d9392e13', '6eb1cb6f-a36e-4abd-a816-b8f9a3d7f49f', '63c6d016-dcad-4359-a635-b512240b20cf', 1);
INSERT INTO public.orders_menu (order_id, menu_id, id, amount) VALUES ('a8684a70-25c7-4122-b8f3-a4b4d9392e13', '72d1586d-f070-4d43-a23a-e6eb34e6ed95', '7a990356-b965-4838-8d6f-ebec3bd29415', 1);
INSERT INTO public.orders_menu (order_id, menu_id, id, amount) VALUES ('2f9ace23-81dc-4533-a32a-9f23513471be', '6eb1cb6f-a36e-4abd-a816-b8f9a3d7f49f', '674f0187-bee4-4984-b862-add75b77b3ac', 1);
INSERT INTO public.orders_menu (order_id, menu_id, id, amount) VALUES ('2f9ace23-81dc-4533-a32a-9f23513471be', '72d1586d-f070-4d43-a23a-e6eb34e6ed95', '792d98ba-086f-42d3-8283-62d9c80fac80', 1);
INSERT INTO public.orders_menu (order_id, menu_id, id, amount) VALUES ('d6ca2495-bddc-497c-bd30-11ae9a89616e', '6eb1cb6f-a36e-4abd-a816-b8f9a3d7f49f', '8b90a40f-bede-4823-b3be-6e9c5bce5029', 1);
INSERT INTO public.orders_menu (order_id, menu_id, id, amount) VALUES ('d6ca2495-bddc-497c-bd30-11ae9a89616e', '72d1586d-f070-4d43-a23a-e6eb34e6ed95', 'db12256a-b842-4880-ab8d-614b49a21ac8', 1);
INSERT INTO public.orders_menu (order_id, menu_id, id, amount) VALUES ('7338bda1-b19f-4b8c-8a80-402a4c791ea6', '6eb1cb6f-a36e-4abd-a816-b8f9a3d7f49f', 'd1ed7f86-022b-451a-b3b1-fdf9a69c09f5', 1);
INSERT INTO public.orders_menu (order_id, menu_id, id, amount) VALUES ('7338bda1-b19f-4b8c-8a80-402a4c791ea6', '72d1586d-f070-4d43-a23a-e6eb34e6ed95', '6d5b89d8-31ee-48ed-90e5-31f055deff80', 1);
INSERT INTO public.orders_menu (order_id, menu_id, id, amount) VALUES ('cd5ddd96-c077-4bb6-a00a-6976c08ae78b', '6eb1cb6f-a36e-4abd-a816-b8f9a3d7f49f', '3b1962a2-d395-417c-a4f3-905053001a0a', 1);
INSERT INTO public.orders_menu (order_id, menu_id, id, amount) VALUES ('cd5ddd96-c077-4bb6-a00a-6976c08ae78b', '72d1586d-f070-4d43-a23a-e6eb34e6ed95', '0a15a6ab-96b6-4afb-bb6b-931355c5a5e3', 1);
INSERT INTO public.orders_menu (order_id, menu_id, id, amount) VALUES ('48408741-6002-498d-a29a-7cda25b78918', '6eb1cb6f-a36e-4abd-a816-b8f9a3d7f49f', '328c18fc-e887-4c9e-9067-b23d2e8e160a', 1);
INSERT INTO public.orders_menu (order_id, menu_id, id, amount) VALUES ('48408741-6002-498d-a29a-7cda25b78918', '72d1586d-f070-4d43-a23a-e6eb34e6ed95', '3cb1dc88-6b78-46f2-ba5f-4ac48ee76196', 1);
INSERT INTO public.orders_menu (order_id, menu_id, id, amount) VALUES ('c9539fb9-8e09-4021-a820-0686fa930e9f', '6eb1cb6f-a36e-4abd-a816-b8f9a3d7f49f', '5d85aaa0-28aa-4596-961a-bad1eff0ae2e', 1);
INSERT INTO public.orders_menu (order_id, menu_id, id, amount) VALUES ('c9539fb9-8e09-4021-a820-0686fa930e9f', '72d1586d-f070-4d43-a23a-e6eb34e6ed95', '7ccab7ca-71e8-4754-81f5-7af8056b8f93', 1);
INSERT INTO public.orders_menu (order_id, menu_id, id, amount) VALUES ('febbc012-45ac-4f92-bdcb-1ab4aaf4f020', '6eb1cb6f-a36e-4abd-a816-b8f9a3d7f49f', 'ad96fdfa-4d44-4b5b-9e03-1f04adfe6c0b', 1);
INSERT INTO public.orders_menu (order_id, menu_id, id, amount) VALUES ('febbc012-45ac-4f92-bdcb-1ab4aaf4f020', '72d1586d-f070-4d43-a23a-e6eb34e6ed95', '483f2a1c-e260-4707-8491-7204727db59c', 1);
INSERT INTO public.orders_menu (order_id, menu_id, id, amount) VALUES ('35c0c842-c87e-4adc-921e-806237e82839', '6eb1cb6f-a36e-4abd-a816-b8f9a3d7f49f', 'a39d344c-7f41-4ff8-b555-b251639ce99a', 1);
INSERT INTO public.orders_menu (order_id, menu_id, id, amount) VALUES ('35c0c842-c87e-4adc-921e-806237e82839', '72d1586d-f070-4d43-a23a-e6eb34e6ed95', '6f7249b9-8abf-43ef-926e-79b0feac938b', 1);
INSERT INTO public.orders_menu (order_id, menu_id, id, amount) VALUES ('d3a04b6c-1939-45da-9d3a-ae670e2b948b', '6eb1cb6f-a36e-4abd-a816-b8f9a3d7f49f', 'd7cad773-6f5b-4ed9-b238-52617e858cea', 1);
INSERT INTO public.orders_menu (order_id, menu_id, id, amount) VALUES ('d3a04b6c-1939-45da-9d3a-ae670e2b948b', '72d1586d-f070-4d43-a23a-e6eb34e6ed95', '46805fa5-e7c4-4550-b484-8ff2a3496b91', 1);
INSERT INTO public.orders_menu (order_id, menu_id, id, amount) VALUES ('ea3fee22-2a32-4c6a-8a78-2cf31d97b765', '6eb1cb6f-a36e-4abd-a816-b8f9a3d7f49f', 'd186e5c2-a46e-481e-8a3b-20924f46d6f3', 1);
INSERT INTO public.orders_menu (order_id, menu_id, id, amount) VALUES ('ea3fee22-2a32-4c6a-8a78-2cf31d97b765', '72d1586d-f070-4d43-a23a-e6eb34e6ed95', 'efd8e076-47c2-4336-b4c8-3ca7f7f86b66', 1);
INSERT INTO public.orders_menu (order_id, menu_id, id, amount) VALUES ('05107aa3-1a16-4dd0-a182-3fd0652f535b', '6eb1cb6f-a36e-4abd-a816-b8f9a3d7f49f', '38601d2e-5398-407f-b796-149d4f7d205a', 1);
INSERT INTO public.orders_menu (order_id, menu_id, id, amount) VALUES ('05107aa3-1a16-4dd0-a182-3fd0652f535b', '72d1586d-f070-4d43-a23a-e6eb34e6ed95', '4c1fe840-5ce2-4312-ae59-df97b82d8e27', 1);
INSERT INTO public.orders_menu (order_id, menu_id, id, amount) VALUES ('3e704c89-eb11-4a68-9696-90335f1412e2', '6eb1cb6f-a36e-4abd-a816-b8f9a3d7f49f', 'ae62fec4-f6a4-495c-9558-211e97e97840', 1);
INSERT INTO public.orders_menu (order_id, menu_id, id, amount) VALUES ('3e704c89-eb11-4a68-9696-90335f1412e2', '72d1586d-f070-4d43-a23a-e6eb34e6ed95', '1370a908-7775-4c2c-abe4-cdafac8a1511', 1);
INSERT INTO public.orders_menu (order_id, menu_id, id, amount) VALUES ('9238fd84-42c7-4d65-9275-a56873885239', '6eb1cb6f-a36e-4abd-a816-b8f9a3d7f49f', '04e75f14-e692-4904-aa0a-862000b36098', 1);
INSERT INTO public.orders_menu (order_id, menu_id, id, amount) VALUES ('9238fd84-42c7-4d65-9275-a56873885239', '72d1586d-f070-4d43-a23a-e6eb34e6ed95', '1ffc294f-2b53-4c3e-8296-19d7a7e4aa86', 1);
INSERT INTO public.orders_menu (order_id, menu_id, id, amount) VALUES ('197d360c-7c9a-485a-b752-b2949ed0b405', '6eb1cb6f-a36e-4abd-a816-b8f9a3d7f49f', 'ca3abd58-9d25-425d-9156-b8b1245c8b11', 1);
INSERT INTO public.orders_menu (order_id, menu_id, id, amount) VALUES ('197d360c-7c9a-485a-b752-b2949ed0b405', '72d1586d-f070-4d43-a23a-e6eb34e6ed95', 'e5c88cec-a2bf-4f4b-add8-d5462f95af80', 1);
INSERT INTO public.orders_menu (order_id, menu_id, id, amount) VALUES ('be242ad3-20fc-427e-addb-5d42330d2f51', '6eb1cb6f-a36e-4abd-a816-b8f9a3d7f49f', '09ffb082-00d3-4b3b-99f7-3fc50e3573f7', 1);
INSERT INTO public.orders_menu (order_id, menu_id, id, amount) VALUES ('be242ad3-20fc-427e-addb-5d42330d2f51', '72d1586d-f070-4d43-a23a-e6eb34e6ed95', 'db1485d8-d33c-453c-9b69-896087593939', 1);
INSERT INTO public.orders_menu (order_id, menu_id, id, amount) VALUES ('cf0740d8-9813-4f0e-96d1-9dd3b88c949d', '6eb1cb6f-a36e-4abd-a816-b8f9a3d7f49f', 'd1dbf705-6f52-4b33-959e-8ee33a8feb83', 1);
INSERT INTO public.orders_menu (order_id, menu_id, id, amount) VALUES ('cf0740d8-9813-4f0e-96d1-9dd3b88c949d', '72d1586d-f070-4d43-a23a-e6eb34e6ed95', '5de09bd8-a582-46a5-a109-6aa8c988bb73', 1);
INSERT INTO public.orders_menu (order_id, menu_id, id, amount) VALUES ('ea2a9456-6359-459c-ac08-3015c3c0289b', '6eb1cb6f-a36e-4abd-a816-b8f9a3d7f49f', 'db275314-06a7-4d2f-a8a7-b5ef8ed7f3ad', 1);
INSERT INTO public.orders_menu (order_id, menu_id, id, amount) VALUES ('ea2a9456-6359-459c-ac08-3015c3c0289b', '72d1586d-f070-4d43-a23a-e6eb34e6ed95', '4c0aa965-de74-409b-a3c0-999314a41834', 1);
INSERT INTO public.orders_menu (order_id, menu_id, id, amount) VALUES ('1fb6f6de-f597-4f30-b441-a61076ae1367', '6eb1cb6f-a36e-4abd-a816-b8f9a3d7f49f', 'a06ee236-7eb6-4d5e-a285-daea513443f4', 1);
INSERT INTO public.orders_menu (order_id, menu_id, id, amount) VALUES ('1fb6f6de-f597-4f30-b441-a61076ae1367', '72d1586d-f070-4d43-a23a-e6eb34e6ed95', '79ba12fe-f4eb-43ff-b214-0da6730bd60d', 1);
INSERT INTO public.orders_menu (order_id, menu_id, id, amount) VALUES ('3d216543-6820-41e6-a3a7-a81faf9c85b0', '6eb1cb6f-a36e-4abd-a816-b8f9a3d7f49f', 'fa944a35-bd3e-4d25-afe0-b6de82121c7e', 1);
INSERT INTO public.orders_menu (order_id, menu_id, id, amount) VALUES ('3d216543-6820-41e6-a3a7-a81faf9c85b0', '72d1586d-f070-4d43-a23a-e6eb34e6ed95', 'a3a7b339-26c8-4fb6-80c0-cf6a075b6b14', 1);
INSERT INTO public.orders_menu (order_id, menu_id, id, amount) VALUES ('61743dbf-d482-4091-8791-b4e811e35d30', '6eb1cb6f-a36e-4abd-a816-b8f9a3d7f49f', '439bf979-d48f-40df-9fda-c261d81073f8', 1);
INSERT INTO public.orders_menu (order_id, menu_id, id, amount) VALUES ('61743dbf-d482-4091-8791-b4e811e35d30', '72d1586d-f070-4d43-a23a-e6eb34e6ed95', 'd26356bb-a6d0-4a0c-a26f-4c14699e2d55', 1);
INSERT INTO public.orders_menu (order_id, menu_id, id, amount) VALUES ('c77ecbe5-5591-4ee8-9151-9532c303d9bd', '6eb1cb6f-a36e-4abd-a816-b8f9a3d7f49f', 'ccca2d90-58a1-4f4d-ae12-140447a44704', 1);
INSERT INTO public.orders_menu (order_id, menu_id, id, amount) VALUES ('c77ecbe5-5591-4ee8-9151-9532c303d9bd', '72d1586d-f070-4d43-a23a-e6eb34e6ed95', 'f1bf48cb-479b-4008-a79d-caff9f1a5427', 1);
INSERT INTO public.orders_menu (order_id, menu_id, id, amount) VALUES ('c1c38e3b-a2dd-4e9d-9fe1-a15955f842cc', '6eb1cb6f-a36e-4abd-a816-b8f9a3d7f49f', '0763ae2f-4ff2-41cf-a7e5-665c70a334b4', 1);
INSERT INTO public.orders_menu (order_id, menu_id, id, amount) VALUES ('c1c38e3b-a2dd-4e9d-9fe1-a15955f842cc', '72d1586d-f070-4d43-a23a-e6eb34e6ed95', '5cab69a0-b435-403a-9ba1-0fca3515bb25', 1);
INSERT INTO public.orders_menu (order_id, menu_id, id, amount) VALUES ('30b3be65-2c2a-4d30-a32a-ff606d21f59a', '6eb1cb6f-a36e-4abd-a816-b8f9a3d7f49f', 'b903d328-f3a9-448f-9da8-b17a4a2c9fe3', 1);
INSERT INTO public.orders_menu (order_id, menu_id, id, amount) VALUES ('30b3be65-2c2a-4d30-a32a-ff606d21f59a', '72d1586d-f070-4d43-a23a-e6eb34e6ed95', '5cced77a-e027-4eb7-aecc-1bd3f3890628', 1);
INSERT INTO public.orders_menu (order_id, menu_id, id, amount) VALUES ('70c5a330-0d85-4242-a44d-66f23958db16', '72d1586d-f070-4d43-a23a-e6eb34e6ed95', '21468fd0-941d-491f-a0c5-5ab349c3230c', 2.0);
INSERT INTO public.orders_menu (order_id, menu_id, id, amount) VALUES ('70c5a330-0d85-4242-a44d-66f23958db16', '2d4d40a4-d7fc-466c-b34a-a181bcb9eef8', 'b9457468-6493-4540-b098-3e626aad19a1', 1.0);
INSERT INTO public.orders_menu (order_id, menu_id, id, amount) VALUES ('f4159df1-6a60-4476-affd-729e3e670e09', '6eb1cb6f-a36e-4abd-a816-b8f9a3d7f49f', '82f30ab5-3a57-40e4-b778-2a65c633de21', 1);
INSERT INTO public.orders_menu (order_id, menu_id, id, amount) VALUES ('f4159df1-6a60-4476-affd-729e3e670e09', '72d1586d-f070-4d43-a23a-e6eb34e6ed95', '174de899-836b-4a8f-9ee5-7a218243310b', 1);
INSERT INTO public.orders_menu (order_id, menu_id, id, amount) VALUES ('8a91b069-5902-407a-90b2-f12132c10135', '6eb1cb6f-a36e-4abd-a816-b8f9a3d7f49f', '4db6108e-1d94-46bd-bdbc-beb021d653c1', 1);
INSERT INTO public.orders_menu (order_id, menu_id, id, amount) VALUES ('8a91b069-5902-407a-90b2-f12132c10135', '72d1586d-f070-4d43-a23a-e6eb34e6ed95', '3e089050-1c44-4f6d-a8be-f3f0a8c613ee', 1);
INSERT INTO public.orders_menu (order_id, menu_id, id, amount) VALUES ('0e27dba3-c128-40c0-bff9-72efca8db94d', '6eb1cb6f-a36e-4abd-a816-b8f9a3d7f49f', 'bfe6e224-671d-4349-b44c-c40d6ca93549', 1);
INSERT INTO public.orders_menu (order_id, menu_id, id, amount) VALUES ('0e27dba3-c128-40c0-bff9-72efca8db94d', '72d1586d-f070-4d43-a23a-e6eb34e6ed95', 'a96e753e-2c93-4f3b-b90e-0d36fa7c3e15', 1);
INSERT INTO public.orders_menu (order_id, menu_id, id, amount) VALUES ('b6f23b5b-977d-4ba2-b40e-53360843f6de', '6eb1cb6f-a36e-4abd-a816-b8f9a3d7f49f', '7a4c750d-1994-49d7-9d9d-a5ddcfcdaefd', 1);
INSERT INTO public.orders_menu (order_id, menu_id, id, amount) VALUES ('b6f23b5b-977d-4ba2-b40e-53360843f6de', '72d1586d-f070-4d43-a23a-e6eb34e6ed95', 'f72e4a0e-9437-4363-baff-03a5e3236e2c', 1);
INSERT INTO public.orders_menu (order_id, menu_id, id, amount) VALUES ('2020b1dd-2dca-455b-99bc-628c0f38f67e', '6eb1cb6f-a36e-4abd-a816-b8f9a3d7f49f', '4351c525-1737-446f-aa4d-d04a3b953bcf', 1);
INSERT INTO public.orders_menu (order_id, menu_id, id, amount) VALUES ('2020b1dd-2dca-455b-99bc-628c0f38f67e', '72d1586d-f070-4d43-a23a-e6eb34e6ed95', 'ba16687b-3c8b-4926-aeaf-38a3c1770cd5', 1);
INSERT INTO public.orders_menu (order_id, menu_id, id, amount) VALUES ('471c3a5d-c5e6-4b5e-aafb-f83f7f08962b', '6eb1cb6f-a36e-4abd-a816-b8f9a3d7f49f', 'afb04f9c-2af3-4c60-be4f-732373a29cd3', 1);
INSERT INTO public.orders_menu (order_id, menu_id, id, amount) VALUES ('471c3a5d-c5e6-4b5e-aafb-f83f7f08962b', '72d1586d-f070-4d43-a23a-e6eb34e6ed95', 'f45cbd94-a73a-4c00-8938-21663357cee0', 1);
INSERT INTO public.orders_menu (order_id, menu_id, id, amount) VALUES ('010802b7-75c5-480b-80aa-63b4e405d21d', '6eb1cb6f-a36e-4abd-a816-b8f9a3d7f49f', 'd3cd4abe-2799-423e-a9cd-c93896099d19', 1);
INSERT INTO public.orders_menu (order_id, menu_id, id, amount) VALUES ('010802b7-75c5-480b-80aa-63b4e405d21d', '72d1586d-f070-4d43-a23a-e6eb34e6ed95', '88833af7-2118-4337-97bb-5dcd2c28acfc', 1);
INSERT INTO public.orders_menu (order_id, menu_id, id, amount) VALUES ('e1be103c-accc-427d-bda1-f7158d12d662', '6eb1cb6f-a36e-4abd-a816-b8f9a3d7f49f', '5de37a0d-a14c-4b7b-b432-d8b55de68fbe', 1);
INSERT INTO public.orders_menu (order_id, menu_id, id, amount) VALUES ('e1be103c-accc-427d-bda1-f7158d12d662', '72d1586d-f070-4d43-a23a-e6eb34e6ed95', '5edcfddb-e91a-4b1b-8546-ea9374e37533', 1);
INSERT INTO public.orders_menu (order_id, menu_id, id, amount) VALUES ('00d0e2f3-5b76-4bae-92f8-efabc91894a9', '6eb1cb6f-a36e-4abd-a816-b8f9a3d7f49f', '1cc8d169-450b-4b41-a3c7-15f54473a198', 1);
INSERT INTO public.orders_menu (order_id, menu_id, id, amount) VALUES ('00d0e2f3-5b76-4bae-92f8-efabc91894a9', '72d1586d-f070-4d43-a23a-e6eb34e6ed95', 'f9ea8189-2081-451e-9a87-c87a0b121835', 1);
INSERT INTO public.orders_menu (order_id, menu_id, id, amount) VALUES ('2be8b840-b2e1-42b3-83ef-0b391a28fe77', '6eb1cb6f-a36e-4abd-a816-b8f9a3d7f49f', '3f94e505-0de3-4486-b1e7-7694f59b22fc', 1);
INSERT INTO public.orders_menu (order_id, menu_id, id, amount) VALUES ('2be8b840-b2e1-42b3-83ef-0b391a28fe77', '72d1586d-f070-4d43-a23a-e6eb34e6ed95', 'b4010d46-6bb4-48f3-8313-970b294939f4', 1);
INSERT INTO public.orders_menu (order_id, menu_id, id, amount) VALUES ('b25b33ce-cccb-4c71-ae24-037d873d296f', '6eb1cb6f-a36e-4abd-a816-b8f9a3d7f49f', '939fa23b-824a-4944-90a7-d3640e495cb7', 1);
INSERT INTO public.orders_menu (order_id, menu_id, id, amount) VALUES ('b25b33ce-cccb-4c71-ae24-037d873d296f', '72d1586d-f070-4d43-a23a-e6eb34e6ed95', 'fba24a1f-27db-409d-922c-5a00465ecc58', 1);
INSERT INTO public.orders_menu (order_id, menu_id, id, amount) VALUES ('c6b6982f-7925-41f6-9ee7-d02e80784bb4', '6eb1cb6f-a36e-4abd-a816-b8f9a3d7f49f', 'a39d2273-a8be-4278-9212-eb18ee2555a8', 1);
INSERT INTO public.orders_menu (order_id, menu_id, id, amount) VALUES ('c6b6982f-7925-41f6-9ee7-d02e80784bb4', '72d1586d-f070-4d43-a23a-e6eb34e6ed95', '73625a2e-7713-44cf-bc21-812312923bb8', 1);
INSERT INTO public.orders_menu (order_id, menu_id, id, amount) VALUES ('449c6f71-2652-459e-b32f-0e08e440c394', '6eb1cb6f-a36e-4abd-a816-b8f9a3d7f49f', '54c9ef59-d4ae-444c-84a0-90caf4aa1f31', 1);
INSERT INTO public.orders_menu (order_id, menu_id, id, amount) VALUES ('449c6f71-2652-459e-b32f-0e08e440c394', '72d1586d-f070-4d43-a23a-e6eb34e6ed95', '662b5993-36cb-409a-97ce-1a51f0413cbd', 1);
INSERT INTO public.orders_menu (order_id, menu_id, id, amount) VALUES ('555ed373-e8e1-46a6-a111-edb666cd362d', '6eb1cb6f-a36e-4abd-a816-b8f9a3d7f49f', 'c77ac1be-300a-46fc-a2b7-169c7b0c62a0', 1);
INSERT INTO public.orders_menu (order_id, menu_id, id, amount) VALUES ('555ed373-e8e1-46a6-a111-edb666cd362d', '72d1586d-f070-4d43-a23a-e6eb34e6ed95', '750c8f16-67ff-4660-9bc7-900210c7cf3e', 1);
INSERT INTO public.orders_menu (order_id, menu_id, id, amount) VALUES ('be298415-590c-48c8-95c4-31b9ade9c16e', '2facea92-5600-4e71-a58e-fed521679579', '20c225a0-5850-4635-8f45-2b73698faa5a', 2.0);
INSERT INTO public.orders_menu (order_id, menu_id, id, amount) VALUES ('be298415-590c-48c8-95c4-31b9ade9c16e', '2d4d40a4-d7fc-466c-b34a-a181bcb9eef8', 'cf245d0c-9a19-405a-b953-506a6b0e5ecc', 2.0);
INSERT INTO public.orders_menu (order_id, menu_id, id, amount) VALUES ('88fd217d-569f-462f-bc56-f19f07e11e93', '2facea92-5600-4e71-a58e-fed521679579', '1db16a5b-20af-4a0d-ad0a-49a4d5f4012d', 2.0);
INSERT INTO public.orders_menu (order_id, menu_id, id, amount) VALUES ('88fd217d-569f-462f-bc56-f19f07e11e93', '5700d000-98aa-43b0-aa4f-34cfa6881cc6', '26ffb150-e2ff-4929-8572-9f5189045831', 1.0);
INSERT INTO public.orders_menu (order_id, menu_id, id, amount) VALUES ('e55ac0b3-7ab4-41b1-b5d3-459bc3c56bff', '23a2cc9f-2e17-4516-882f-364b68839978', 'b6e6c8a5-1091-4c33-a8fd-b0bb0256544f', 2.0);
INSERT INTO public.orders_menu (order_id, menu_id, id, amount) VALUES ('e55ac0b3-7ab4-41b1-b5d3-459bc3c56bff', '2d4d40a4-d7fc-466c-b34a-a181bcb9eef8', 'de90eb23-6ccd-4589-a647-4001d6849c81', 1.0);
INSERT INTO public.orders_menu (order_id, menu_id, id, amount) VALUES ('48043dcd-4a6a-40ca-bbbd-89e5eb420663', '52162379-5fd2-4dc1-b737-b1185075c874', '2d394950-3565-47e2-aca4-8b447fa42c9c', 1.0);
INSERT INTO public.orders_menu (order_id, menu_id, id, amount) VALUES ('48043dcd-4a6a-40ca-bbbd-89e5eb420663', '8bc6d00f-02f5-4f46-9d3c-2c40d3ac5f2c', '6c89f986-8292-4344-b178-6130978b8faf', 2.0);
INSERT INTO public.orders_menu (order_id, menu_id, id, amount) VALUES ('0a87b39f-4a00-4503-b938-56f7e4770e88', 'ecc5f06d-b8af-4c45-9add-ea3cabfa7753', 'e7401c1c-10f3-44fa-960f-c7e2407e5931', 2.0);
INSERT INTO public.orders_menu (order_id, menu_id, id, amount) VALUES ('0a87b39f-4a00-4503-b938-56f7e4770e88', '185e2e23-a610-4841-9514-2771a5c58e6d', '933d0323-d158-4e43-a1c3-4bfbf1668b47', 2.0);
INSERT INTO public.orders_menu (order_id, menu_id, id, amount) VALUES ('ccc17c87-82aa-4e74-87cf-7a4d68b68f03', '2facea92-5600-4e71-a58e-fed521679579', 'e99a1a56-852e-4a5b-a83c-bd8591eee5e0', 2.0);
INSERT INTO public.orders_menu (order_id, menu_id, id, amount) VALUES ('ccc17c87-82aa-4e74-87cf-7a4d68b68f03', '0a37bb83-f5ba-4898-98f0-f445018c70bf', '876427b7-244c-4cae-bd86-976eb55f93c3', 2.0);
INSERT INTO public.orders_menu (order_id, menu_id, id, amount) VALUES ('abe89fcd-582b-407e-aa5b-ed37699f462d', '72d1586d-f070-4d43-a23a-e6eb34e6ed95', '4fc1105d-642c-41e0-b084-172318f3221b', 2.0);
INSERT INTO public.orders_menu (order_id, menu_id, id, amount) VALUES ('abe89fcd-582b-407e-aa5b-ed37699f462d', '0aa860d9-4daa-4930-8217-2a5bd78cb044', '4b18b8bd-e552-42ce-8392-c7ceaf890a1c', 1.0);
INSERT INTO public.orders_menu (order_id, menu_id, id, amount) VALUES ('534aeb13-6d46-434c-9de9-dfb9854053a1', '52162379-5fd2-4dc1-b737-b1185075c874', '4c2cfb18-8144-459a-a230-d8b6741794c8', 2.0);
INSERT INTO public.orders_menu (order_id, menu_id, id, amount) VALUES ('534aeb13-6d46-434c-9de9-dfb9854053a1', '62bf8a38-42f8-4ebe-9988-ce059c4b2609', '1eee9476-7da4-4db8-be9a-20e90bc57d33', 1.0);
INSERT INTO public.orders_menu (order_id, menu_id, id, amount) VALUES ('34749ca9-b30b-430b-8531-4e46cd504a7f', '94720c8c-cd05-41f8-b144-5fbfdee3cb36', '4c05cad8-46bc-4e45-920d-165bb6b380da', 1.0);
INSERT INTO public.orders_menu (order_id, menu_id, id, amount) VALUES ('34749ca9-b30b-430b-8531-4e46cd504a7f', '051cfaf8-d1f8-4948-ba7c-f00bfdb085f3', 'dfd88551-351d-474e-b6d2-58622d6270e4', 2.0);
INSERT INTO public.orders_menu (order_id, menu_id, id, amount) VALUES ('5d606884-88bd-4f51-833d-df011f52665a', '72d1586d-f070-4d43-a23a-e6eb34e6ed95', 'f7d1c641-954b-4e70-981c-69ecb75471fb', 1.0);
INSERT INTO public.orders_menu (order_id, menu_id, id, amount) VALUES ('5d606884-88bd-4f51-833d-df011f52665a', '051cfaf8-d1f8-4948-ba7c-f00bfdb085f3', '039a163e-e0ec-41b7-bb3c-e1ad7f2d61b6', 1.0);
INSERT INTO public.orders_menu (order_id, menu_id, id, amount) VALUES ('ec433454-484c-49ee-a83d-5b5fcc7ed49d', '94720c8c-cd05-41f8-b144-5fbfdee3cb36', 'a6231b1a-d029-4ba3-8e98-27476e8a7faa', 2.0);
INSERT INTO public.orders_menu (order_id, menu_id, id, amount) VALUES ('ec433454-484c-49ee-a83d-5b5fcc7ed49d', '2d4d40a4-d7fc-466c-b34a-a181bcb9eef8', '18129c8b-4fa2-441e-aa35-f508b7405188', 2.0);
INSERT INTO public.orders_menu (order_id, menu_id, id, amount) VALUES ('11662ae5-128c-43a3-9f5e-c72fa65da901', '73383c80-2ecb-4f40-9174-ea24acd1b796', '1adbbf83-0f4b-4d5e-a696-c1d09a1e7239', 2.0);
INSERT INTO public.orders_menu (order_id, menu_id, id, amount) VALUES ('11662ae5-128c-43a3-9f5e-c72fa65da901', '0a37bb83-f5ba-4898-98f0-f445018c70bf', '60831739-066e-486e-882c-d88da25df680', 2.0);
INSERT INTO public.orders_menu (order_id, menu_id, id, amount) VALUES ('0729004b-face-4c93-9ba4-19717c340c7c', '72d1586d-f070-4d43-a23a-e6eb34e6ed95', '1204a238-f4cf-4853-a182-761c22c99b75', 1.0);
INSERT INTO public.orders_menu (order_id, menu_id, id, amount) VALUES ('0729004b-face-4c93-9ba4-19717c340c7c', '916dc46a-a39e-49a1-9e6f-bfcf5b1a16fa', '6732cb27-5f7d-404e-a2cc-af266eab5af5', 1.0);
INSERT INTO public.orders_menu (order_id, menu_id, id, amount) VALUES ('ebdfccec-25bf-4582-b3d8-d3e9e78b6999', '2facea92-5600-4e71-a58e-fed521679579', 'ca16080d-9f8f-4e76-aa11-500aa2f723b6', 1.0);
INSERT INTO public.orders_menu (order_id, menu_id, id, amount) VALUES ('ebdfccec-25bf-4582-b3d8-d3e9e78b6999', '916dc46a-a39e-49a1-9e6f-bfcf5b1a16fa', 'f9b8d823-4141-4763-9d72-fb3add93614f', 1.0);
INSERT INTO public.orders_menu (order_id, menu_id, id, amount) VALUES ('7a5fec4a-2155-4798-9799-fd2b6bbdaf1e', '6eb1cb6f-a36e-4abd-a816-b8f9a3d7f49f', 'c562727b-bdef-4db0-938c-8da966b92ba5', 1);
INSERT INTO public.orders_menu (order_id, menu_id, id, amount) VALUES ('7a5fec4a-2155-4798-9799-fd2b6bbdaf1e', '72d1586d-f070-4d43-a23a-e6eb34e6ed95', '7e92206c-1669-4cd5-9291-a439e0a6487a', 1);
INSERT INTO public.orders_menu (order_id, menu_id, id, amount) VALUES ('7a5fec4a-2155-4798-9799-fd2b6bbdaf1e', '87b4ca31-c89e-400b-bd26-88caddff8ef8', '3343499c-45b1-45ba-9f8d-76356028fb32', 1);
INSERT INTO public.orders_menu (order_id, menu_id, id, amount) VALUES ('682e39a9-3f0b-4f81-8c4d-51b3d1c8fb38', '27764394-dd7f-4d4c-8999-c66731e1e573', '9dfe7c28-7ba0-4576-bf73-60efdd8055ce', 1.0);
INSERT INTO public.orders_menu (order_id, menu_id, id, amount) VALUES ('682e39a9-3f0b-4f81-8c4d-51b3d1c8fb38', '5700d000-98aa-43b0-aa4f-34cfa6881cc6', '6bb50b09-b306-4b86-9ef4-15ba0c67dcad', 2.0);
INSERT INTO public.orders_menu (order_id, menu_id, id, amount) VALUES ('0c90b695-3f19-4455-98ce-d8e8e5c51b18', '73383c80-2ecb-4f40-9174-ea24acd1b796', 'e3ce2902-882d-4fc2-85ad-1bf9e97f596a', 2.0);
INSERT INTO public.orders_menu (order_id, menu_id, id, amount) VALUES ('0c90b695-3f19-4455-98ce-d8e8e5c51b18', '8bc6d00f-02f5-4f46-9d3c-2c40d3ac5f2c', 'c95f1329-2c0d-4003-b80b-b65d386e9df2', 2.0);
INSERT INTO public.orders_menu (order_id, menu_id, id, amount) VALUES ('1aa50120-9aad-4637-95ff-f9e96d96b01e', '2facea92-5600-4e71-a58e-fed521679579', '3a19809e-593b-4840-9790-a77a7821559b', 2.0);
INSERT INTO public.orders_menu (order_id, menu_id, id, amount) VALUES ('1aa50120-9aad-4637-95ff-f9e96d96b01e', '2d4d40a4-d7fc-466c-b34a-a181bcb9eef8', '3eafc21d-9e3c-43ad-9251-ff3511496146', 2.0);
INSERT INTO public.orders_menu (order_id, menu_id, id, amount) VALUES ('9ebaa43f-4e4b-4f2b-b206-6e6ac083939a', '185e2e23-a610-4841-9514-2771a5c58e6d', '87a89cf4-e19b-4cbe-9b24-9ce0eb47704c', 1.0);
INSERT INTO public.orders_menu (order_id, menu_id, id, amount) VALUES ('9ebaa43f-4e4b-4f2b-b206-6e6ac083939a', '6eb1cb6f-a36e-4abd-a816-b8f9a3d7f49f', 'a14fefb0-a671-48f6-bb11-2ccdd3e725dd', 2.0);
INSERT INTO public.settings (id, drinks_category) VALUES ('2111ab92-9109-4196-9c6e-92c0195d44a6', '165b1d86-3d08-423c-aaee-3fcdf3691353');
